time_min,temperature_c,nominal_position_mm,measured_position_mm,position_error_um,drift_component_um,noise_component_um,estimated_drift_um,compensated_error_um,compensated_position_mm,drift_trend_um,within_tolerance_before,within_tolerance_after
0.0,20.0,100.0,100.00017384995355,0.17384995355393143,0.0,0.17384995355393143,0.0,0.17384995355393143,100.00017384995355,0.1748836515691452,True,True
0.24048096192384769,20.010821295614704,100.0,99.99997866073363,-0.021339266373154024,0.0270532390367606,-0.048392505409914625,0.0270532390367606,-0.048392505409914625,99.9999516074946,0.19224709045356989,True,True
0.48096192384769537,20.02164050543946,100.0,100.00028079225193,0.2807922519338939,0.05410126359865153,0.22669098833524234,0.05410126359865153,0.22669098833524237,100.00022669098834,0.20961052933799457,True,True
0.721442885771543,20.032455544890496,100.0,100.00061419931197,0.6141993119690488,0.0811388622262399,0.5330604497428089,0.0811388622262399,0.5330604497428089,100.00053306044974,0.22697396822241928,True,True
0.9619238476953907,20.043264331795704,100.0,100.00002620714834,0.0262071483360935,0.10816082948926109,-0.08195368115316759,0.10816082948926109,-0.08195368115316759,99.99991804631885,0.24433740710684393,True,True
1.2024048096192383,20.0540647875987,100.0,100.00005321403407,0.053214034064539964,0.13516196899675315,-0.08194793493221318,0.13516196899675315,-0.08194793493221318,99.99991805206507,0.26170084599126864,True,True
1.442885771543086,20.06485483856086,100.0,100.00071486158183,0.7148615818297333,0.16213709640214624,0.552724485427587,0.16213709640214624,0.552724485427587,100.00055272448543,0.27906428487569335,True,True
1.6833667334669338,20.075632416960474,100.0,100.00045768319761,0.45768319760470266,0.18908104240118462,0.26860215520351804,0.18908104240118462,0.26860215520351804,100.0002686021552,0.296427723760118,True,True
1.9238476953907815,20.08639546228853,100.0,100.00005167262064,0.05167262064408876,0.21598865572132198,-0.16431603507723322,0.21598865572132198,-0.16431603507723322,99.99983568396492,0.31379116264454265,True,True
2.164328657314629,20.097141922440226,100.0,100.00043275082136,0.4327508213556529,0.2428548061005653,0.18989601525508762,0.2428548061005653,0.1898960152550876,100.00018989601526,0.33115460152896736,True,True
2.4048096192384767,20.107869754901703,100.0,100.00010747819476,0.10747819476989551,0.2696743872542573,-0.1621961924843618,0.2696743872542573,-0.1621961924843618,99.99983780380751,0.34851804041339207,True,True
2.6452905811623246,20.11857692793117,100.0,100.00013343690608,0.13343690607833322,0.29644231982792313,-0.1630054137495899,0.29644231982792313,-0.1630054137495899,99.99983699458625,0.3658814792978168,True,True
2.885771543086172,20.129261421733837,100.0,100.00040784034938,0.40784034938270397,0.32315355433459203,0.08468679504811194,0.32315355433459203,0.08468679504811194,100.00008468679505,0.38324491818224143,True,True
3.12625250501002,20.13992122962992,100.0,99.99968015498844,-0.31984501155543,0.34980307407479927,-0.6696480856302293,0.34980307407479927,-0.6696480856302293,99.99933035191437,0.40060835706666614,True,True
3.3667334669338675,20.150554359215093,100.0,99.99977266465666,-0.22733534334182925,0.37638589803773215,-0.6037212413795614,0.37638589803773215,-0.6037212413795614,99.99939627875862,0.4179717959510908,True,True
3.6072144288577155,20.161158833512626,100.0,100.00020609644855,0.20609644854722553,0.40289708378156597,-0.19680063523434044,0.40289708378156597,-0.19680063523434044,99.99980319936476,0.4353352348355155,True,True
3.847695390781563,20.171732692116674,100.0,100.00007484083818,0.07484083817463605,0.42933173029168437,-0.3544908921170483,0.42933173029168437,-0.3544908921170483,99.99964550910788,0.45269867371994016,True,True
4.0881763527054105,20.182273992325914,100.0,100.00056567154722,0.5656715472231314,0.4556849808147856,0.10998656640834585,0.4556849808147856,0.10998656640834581,100.00010998656641,0.47006211260436487,True,True
4.328657314629258,20.192780810267006,100.0,100.00016414359924,0.16414359923509203,0.4819520256675158,-0.3178084264324238,0.4819520256675158,-0.3178084264324238,99.99968219157357,0.4874255514887896,True,True
4.569138276553106,20.203251242007113,100.0,100.00001382180955,0.013821809550430164,0.5081281050177822,-0.494306295467352,0.5081281050177822,-0.494306295467352,99.99950569370453,0.5047889903732143,True,True
4.809619238476953,20.213683404654915,100.0,100.00104718558076,1.0471855807598325,0.5342085116372886,0.5129770691225439,0.5342085116372886,0.5129770691225439,100.00051297706912,0.5221524292576389,True,True
5.050100200400801,20.22407543744947,100.0,100.00048116688845,0.48116688845339084,0.5601885936236783,-0.07902170517028748,0.5601885936236783,-0.0790217051702875,99.99992097829482,0.5395158681420635,True,True
5.290581162324649,20.234425502836253,100.0,100.00060969862874,0.6096986287314047,0.5860637570906313,0.023634871640773342,0.5860637570906313,0.02363487164077338,100.00002363487164,0.5568793070264884,True,True
5.531062124248497,20.24473178752977,100.0,100.00011316760364,0.11316760364971318,0.611829468824423,-0.49866186517470984,0.611829468824423,-0.49866186517470984,99.99950133813482,0.574242745910913,True,True
5.771543086172344,20.254992503562164,100.0,100.00044694730532,0.44694730532159627,0.6374812589054102,-0.19053395358381392,0.6374812589054102,-0.19053395358381392,99.99980946604641,0.5916061847953377,True,True
6.012024048096192,20.26520588931717,100.0,100.00070183762969,0.701837629691376,0.6630147232929229,0.03882290639845313,0.6630147232929229,0.038822906398453094,100.0000388229064,0.6089696236797624,True,True
6.25250501002004,20.27537021054881,100.0,100.00028557777428,0.28557777427422143,0.6884255263720274,-0.40284775209780593,0.6884255263720274,-0.40284775209780593,99.9995971522479,0.6263330625641871,True,True
6.492985971943887,20.28548376138429,100.0,100.00084520370989,0.8452037098817146,0.7137094034607294,0.13149430642098517,0.7137094034607294,0.13149430642098514,100.00013149430642,0.6436965014486117,True,True
6.733466933867735,20.295544865310486,100.0,100.0005286386218,0.5286386218046332,0.7388621632762149,-0.21022354147158173,0.7388621632762149,-0.21022354147158173,99.99978977645853,0.6610599403330364,True,True
6.973947895791583,20.30555187614342,100.0,100.00066178687793,0.6617868779308996,0.7638796903585465,-0.10209281242764687,0.7638796903585465,-0.1020928124276469,99.99989790718757,0.6784233792174611,True,True
7.214428857715431,20.315503178980244,100.0,100.00057816063317,0.5781606331703201,0.788757947450609,-0.2105973142802889,0.788757947450609,-0.21059731428028894,99.99978940268572,0.6957868181018858,True,True
7.454909819639278,20.325397191133096,100.0,100.0014617903424,1.4617903424108674,0.8134929778327393,0.6482973645781281,0.8134929778327393,0.648297364578128,100.00064829736458,0.7131502569863104,True,True
7.695390781563126,20.335232363044348,100.0,100.00083335687896,0.8333568789525928,0.8380809076108697,-0.004724028658276872,0.8380809076108697,-0.004724028658276924,99.99999527597134,0.7305136958707351,True,True
7.935871743486974,20.345007179182684,100.0,100.00049231912283,0.492319122822144,0.8625179479567091,-0.3701988251345651,0.8625179479567091,-0.3701988251345651,99.99962980117486,0.7478771347551598,True,True
8.176352705410821,20.354720158919513,100.0,100.00117469111653,1.1746911165348977,0.8868003972987815,0.28789071923611614,0.8868003972987815,0.2878907192361162,100.00028789071924,0.7652405736395845,True,True
8.41683366733467,20.36436985738518,100.0,100.00048362936597,0.4836293659730959,0.9109246434629537,-0.42729527748985774,0.9109246434629537,-0.42729527748985774,99.99957270472251,0.7826040125240092,True,True
8.657314629258517,20.373954866304526,100.0,100.00100798942401,1.00798942401298,0.9348871657613156,0.07310225825166439,0.9348871657613156,0.0731022582516645,100.00007310225826,0.799967451408434,True,True
8.897795591182364,20.383473814811257,100.0,100.00027279999367,0.27279999367022134,0.9586845370281427,-0.6858845433579214,0.9586845370281427,-0.6858845433579214,99.99931411545664,0.8173308902928585,True,True
9.138276553106213,20.392925370240697,100.0,100.00051744830849,0.5174483084872912,0.9823134256017418,-0.46486511711445067,0.9823134256017418,-0.46486511711445067,99.99953513488289,0.8346943291772834,True,True
9.37875751503006,20.402308238900442,100.0,100.0010746720298,1.0746720298052987,1.0057705972511055,0.06890143255419323,1.0057705972511055,0.06890143255419323,100.00006890143256,0.852057768061708,True,True
9.619238476953907,20.41162116681849,100.0,100.00128751622005,1.2875162200446228,1.0290529170462293,0.25846330299839365,1.0290529170462293,0.2584633029983936,100.000258463303,0.8694212069461326,True,True
9.859719438877756,20.420862940468385,100.0,100.00111213624959,1.1121362495874534,1.0521573511709637,0.05997889841648967,1.0521573511709637,0.059978898416489734,100.00005997889842,0.8867846458305574,True,True
10.100200400801603,20.43003238747097,100.0,100.00103460406984,1.0346040698415402,1.0750809686774243,-0.040476898835884186,1.0750809686774243,-0.04047689883588412,99.99995952310117,0.904148084714982,True,True
10.34068136272545,20.439128377272365,100.0,100.00099243464973,0.9924346497246606,1.0978209431809116,-0.10538629345625107,1.0978209431809116,-0.10538629345625106,99.99989461370654,0.9215115235994067,True,True
10.581162324649299,20.448149821797752,100.0,100.00060289185787,0.6028918578657815,1.120374554494381,-0.5174826966285996,1.120374554494381,-0.5174826966285996,99.99948251730338,0.9388749624838314,True,True
10.821643286573146,20.457095676080584,100.0,100.00089079371726,0.8907937172633125,1.1427391902014605,-0.251945472938148,1.1427391902014605,-0.25194547293814806,99.99974805452706,0.9562384013682561,True,True
11.062124248496994,20.46596493886686,100.0,100.00100368877733,1.0036887773312273,1.164912347167153,-0.16122356983592562,1.164912347167153,-0.16122356983592567,99.99983877643017,0.9736018402526808,True,True
11.302605210420841,20.47475665319416,100.0,100.00155688441217,1.556884412162019,1.1868916329853985,0.3699927791766205,1.1868916329853985,0.36999277917662043,100.00036999277917,0.9909652791371055,True,True
11.543086172344688,20.483469906945004,100.0,100.00132894116871,1.3289411687114712,1.2086747673625098,0.12026640134896148,1.2086747673625098,0.12026640134896138,100.00012026640135,1.0083287180215301,True,True
11.783567134268537,20.492103833374358,100.0,100.00061319552906,0.6131955290589385,1.2302595834358954,-0.6170640543769569,1.2302595834358954,-0.6170640543769569,99.99938293594562,1.0256921569059547,True,True
12.024048096192384,20.50065761161081,100.0,100.00136507341831,1.3650734183151996,1.2516440290270214,0.11342938928817824,1.2516440290270214,0.11342938928817814,100.00011342938929,1.0430555957903795,True,True
12.264529058116231,20.509130467131303,100.0,100.00113804736968,1.1380473696825475,1.2728261678282582,-0.13477879814571078,1.2728261678282582,-0.1347787981457107,99.99986522120186,1.0604190346748041,True,True
12.50501002004008,20.51752167220902,100.0,100.00105688148041,1.0568814804154676,1.293804180522553,-0.23692270010708555,1.293804180522553,-0.2369227001070855,99.99976307729989,1.077782473559229,True,True
12.745490981963927,20.525830546334205,100.0,100.00152866306694,1.5286630669298173,1.3145763658355136,0.21408670109430375,1.3145763658355136,0.21408670109430372,100.00021408670109,1.0951459124436536,True,True
12.985971943887774,20.534056456607697,100.0,100.0016959909744,1.6959909743928254,1.3351411415192427,0.3608498328735828,1.3351411415192427,0.36084983287358274,100.00036084983287,1.1125093513280782,True,True
13.226452905811623,20.54219881810693,100.0,100.00168144508696,1.6814450869579916,1.355497045267322,0.3259480416906695,1.355497045267322,0.3259480416906695,100.00032594804169,1.129872790212503,True,True
13.46693386773547,20.550257094224175,100.0,100.00108191660243,1.0819166024325149,1.3756427355604384,-0.29372613312792345,1.3756427355604384,-0.2937261331279235,99.99970627386688,1.1472362290969276,True,True
13.707414829659317,20.558230796976858,100.0,100.0012873526609,1.2873526608942196,1.3955769924421446,-0.1082243315479251,1.3955769924421446,-0.10822433154792499,99.99989177566846,1.1645996679813524,True,True
13.947895791583166,20.56611948728974,100.0,100.00153124091922,1.5312409192155967,1.4152987182243493,0.11594220099124737,1.4152987182243493,0.11594220099124741,100.00011594220099,1.181963106865777,True,True
14.188376753507013,20.573922775248846,100.0,100.00177624773262,1.7762477326149408,1.4348069381221151,0.3414407944928257,1.4348069381221151,0.3414407944928257,100.00034144079449,1.1993265457502016,True,True
14.428857715430862,20.581640320326937,100.0,100.00128638981757,1.2863898175714903,1.4541008008173417,-0.16771098324585149,1.4541008008173417,-0.16771098324585143,99.99983228901675,1.2166899846346264,True,True
14.669338677354709,20.589271831580422,100.0,100.00140819893711,1.40819893711872,1.473179578951056,-0.06498064183233598,1.473179578951056,-0.06498064183233598,99.99993501935816,1.234053423519051,True,True
14.909819639278556,20.596817067817618,100.0,100.00110482542864,1.1048254286419348,1.4920426695440447,-0.38721724090210985,1.4920426695440447,-0.38721724090210996,99.9996127827591,1.2514168624034756,True,True
15.150300601202405,20.60427583773822,100.0,100.00109201727592,1.0920172759173186,1.5106895943455534,-0.41867231842823477,1.5106895943455534,-0.4186723184282348,99.99958132768157,1.2687803012879004,True,True
15.390781563126252,20.611648000043928,100.0,100.00181350403795,1.8135040379477898,1.5291200001098204,0.2843840378379693,1.5291200001098204,0.2843840378379694,100.00028438403784,1.286143740172325,True,True
15.631262525050099,20.618933463520165,100.0,100.0020220176688,2.0220176688001996,1.5473336588004116,0.474684009999788,1.5473336588004116,0.474684009999788,100.00047468401,1.3035071790567498,False,True
15.871743486973948,20.62613218708881,100.0,100.00154012692516,1.5401269251689091,1.5653304677220259,-0.025203542553116846,1.5653304677220259,-0.025203542553116742,99.99997479645745,1.3208706179411744,True,True
16.112224448897795,20.63324417983197,100.0,100.00193434696384,1.9343469638421316,1.583110449579923,0.3512365142622084,1.583110449579923,0.3512365142622085,100.00035123651426,1.3382340568255993,True,True
16.352705410821642,20.64026950098671,100.0,100.00172724636123,1.727246361233451,1.6006737524667791,0.12657260876667195,1.6006737524667791,0.12657260876667187,100.00012657260876,1.3555974957100239,True,True
16.59318637274549,20.647208259910816,100.0,100.00139222873567,1.3922287356652454,1.6180206497770389,-0.22579191411179347,1.6180206497770389,-0.22579191411179345,99.99977420808588,1.3729609345944485,True,True
16.83366733466934,20.654060616019542,100.0,100.00176164000197,1.7616400019768008,1.6351515400488559,0.12648846192794486,1.6351515400488559,0.12648846192794494,100.00012648846193,1.3903243734788733,True,True
17.074148296593187,20.660826778693423,100.0,100.002190379745,2.1903797449966462,1.652066946733557,0.5383127982630892,1.652066946733557,0.5383127982630893,100.00053831279827,1.407687812363298,False,True
17.314629258517034,20.667507007157194,100.0,100.0016562284042,1.6562284042045032,1.6687675178929862,-0.012539113688483037,1.6687675178929862,-0.012539113688482928,99.99998746088632,1.4250512512477227,True,True
17.55511022044088,20.674101610329902,100.0,100.00223287930535,2.232879305359658,1.6852540258247561,0.5476252795349021,1.6852540258247561,0.5476252795349019,100.00054762527954,1.4424146901321473,False,True
17.795591182364728,20.68061094664624,100.0,100.00078461658019,0.7846165801841901,1.7015273666156006,-0.9169107864314104,1.7015273666156006,-0.9169107864314104,99.99908308921357,1.459778129016572,True,True
18.036072144288575,20.687035423849277,100.0,100.00200525443616,2.0052544361545217,1.7175885596231932,0.2876658765313283,1.7175885596231932,0.28766587653132847,100.00028766587653,1.4771415679009965,False,True
18.276553106212425,20.69337549875468,100.0,100.00176390522077,1.7639052207700596,1.7334387468866996,0.030466473883359928,1.7334387468866996,0.03046647388335999,100.00003046647389,1.4945050067854215,True,True
18.517034068136272,20.69963167698652,100.0,100.0016444266198,1.6444266198032471,1.7490791924663007,-0.10465257266305361,1.7490791924663007,-0.10465257266305361,99.99989534742734,1.5118684456698461,True,True
18.75751503006012,20.705804512684914,100.0,100.0017966275535,1.79662755349971,1.7645112817122843,0.0321162717874258,1.7645112817122843,0.03211627178742571,100.00003211627178,1.5292318845542707,True,True
18.997995991983966,20.71189460818553,100.0,100.00108408740036,1.084087400353516,1.7797365204638282,-0.6956491201103124,1.7797365204638282,-0.6956491201103123,99.9993043508799,1.5465953234386953,True,True
19.238476953907814,20.717902613671306,100.0,100.00171787137343,1.7178713734351365,1.7947565341782656,-0.07688516074312918,1.7947565341782656,-0.07688516074312912,99.99992311483926,1.56395876232312,True,True
19.478957915831664,20.723829226796447,100.0,100.00193456246701,1.9345624670202282,1.809573066991117,0.12498940002911124,1.809573066991117,0.12498940002911119,100.00012498940004,1.581322201207545,True,True
19.71943887775551,20.729675192282972,100.0,100.00234145089637,2.3414508963669607,1.8241879807074302,0.5172629156595306,1.8241879807074302,0.5172629156595305,100.00051726291566,1.5986856400919696,False,True
19.95991983967936,20.73544130149007,100.0,100.00165720867733,1.6572086773293986,1.838603253725175,-0.18139457639577658,1.838603253725175,-0.1813945763957765,99.9998186054236,1.6160490789763942,True,True
20.200400801603205,20.74112839195646,100.0,100.00156984821888,1.5698482188785388,1.8528209798911544,-0.28297276101261565,1.8528209798911544,-0.2829727610126156,99.99971702723899,1.6334125178608188,True,True
20.440881763527052,20.746737346916067,100.0,100.00169122840204,1.6912284020355797,1.8668433672901674,-0.17561496525458778,1.8668433672901674,-0.17561496525458775,99.99982438503474,1.6507759567452434,True,True
20.6813627254509,20.75226909478724,100.0,100.00220106347817,2.201063478163829,1.880672736968103,0.3203907411957259,1.880672736968103,0.32039074119572586,100.0003203907412,1.6681393956296682,False,True
20.92184368737475,20.7577246086359,100.0,100.00200937440997,2.0093744099706408,1.894311521589751,0.11506288838088956,1.894311521589751,0.11506288838088974,100.00011506288838,1.685502834514093,False,True
21.162324649298597,20.763104905612796,100.0,100.00172234619271,1.7223461927135255,1.9077622640319891,-0.18541607131846358,1.9077622640319891,-0.1854160713184636,99.99981458392868,1.7028662733985176,True,True
21.402805611222444,20.76841104636533,100.0,100.0021006712175,2.100671217502999,1.9210276159133244,0.17964360158967463,1.9210276159133244,0.17964360158967452,100.00017964360158,1.7202297122829422,False,True
21.64328657314629,20.773644134424185,100.0,100.00196808747833,1.9680874783322757,1.9341103360604617,0.033977142271814136,1.9341103360604617,0.03397714227181403,100.00003397714227,1.737593151167367,True,True
21.883767535070138,20.778805315565183,100.0,100.0022860390356,2.286039035599469,1.9470132889129577,0.3390257466865112,1.9470132889129577,0.3390257466865112,100.00033902574668,1.7549565900517916,False,True
22.12424849699399,20.7838957771467,100.0,100.00171402086,1.714020860009677,1.9597394428667503,-0.24571858285707332,1.9597394428667503,-0.24571858285707338,99.99975428141714,1.7723200289362164,True,True
22.364729458917836,20.788916747423034,100.0,100.00185761011724,1.8576101172483663,1.9722918685575852,-0.11468175130921887,1.9722918685575852,-0.11468175130921887,99.99988531824869,1.789683467820641,True,True
22.605210420841683,20.793869494834123,100.0,100.00184743588349,1.8474358834890523,1.9846737370853074,-0.13723785359625515,1.9846737370853074,-0.13723785359625507,99.9998627621464,1.8070469067050658,True,True
22.84569138276553,20.798755327272037,100.0,100.00148465808634,1.4846580863338508,1.9968883181800923,-0.5122302318462415,1.9968883181800923,-0.5122302318462415,99.99948776976815,1.8244103455894904,True,True
23.086172344689377,20.803575591324645,100.0,100.00211258107528,2.1125810752842136,2.008938978311612,0.10364209697260161,2.008938978311612,0.10364209697260174,100.00010364209697,1.841773784473915,False,True
23.326653306613224,20.808331671496894,100.0,100.002112198524,2.1121985240051973,2.020829178742236,0.09136934526296125,2.020829178742236,0.09136934526296114,100.00009136934526,1.8591372233583396,False,True
23.567134268537075,20.813024989410188,100.0,100.00203435218334,2.034352183350331,2.03256247352547,0.0017897098248613112,2.03256247352547,0.001789709824861152,100.00000178970983,1.8765006622427645,False,True
23.80761523046092,20.81765700298028,100.0,100.00196203701077,1.9620370107693976,2.044142507450699,-0.08210549668130142,2.044142507450699,-0.08210549668130152,99.99991789450331,1.8938641011271893,True,True
24.04809619238477,20.82222920557419,100.0,100.00156019325422,1.5601932542178272,2.055573013935472,-0.495379759717645,2.055573013935472,-0.49537975971764503,99.99950462024029,1.9112275400116139,True,True
24.288577154308616,20.826743125146603,100.0,100.0019196319499,1.9196319498986316,2.066857812866507,-0.14722586296787565,2.066857812866507,-0.14722586296787554,99.99985277413703,1.9285909788960385,True,True
24.529058116232463,20.831200323356295,100.0,100.00195805072761,1.9580507276063694,2.0780008083907386,-0.1199500807843693,2.0780008083907386,-0.1199500807843692,99.99988004991921,1.945954417780463,True,True
24.769539078156313,20.83560239466305,100.0,100.00180820894244,1.808208942430055,2.0890059866576216,-0.2807970442275666,2.0890059866576216,-0.2807970442275667,99.99971920295577,1.9633178566648881,True,True
25.01002004008016,20.839950965405592,100.0,100.00204342741443,2.0434274144308766,2.0998774135139797,-0.05644999908310319,2.0998774135139797,-0.05644999908310311,99.99994355000092,1.9806812955493127,False,True
25.250501002004007,20.84424769286113,100.0,100.00225203703204,2.252037032037917,2.1106192321528283,0.14141779988508843,2.1106192321528283,0.1414177998850885,100.00014141779988,1.9980447344337373,False,True
25.490981963927855,20.84849426428696,100.0,100.00278140072614,2.7814007261410834,2.1212356607173977,0.6601650654236856,2.1212356607173977,0.6601650654236857,100.00066016506543,2.015408173318162,False,True
25.7314629258517,20.852692395944757,100.0,100.00219283322436,2.192833224353037,2.131730989861893,0.06110223449114363,2.131730989861893,0.061102234491143825,100.0000611022345,2.0327716122025867,False,True
25.97194388777555,20.856843832108108,100.0,100.00223225221703,2.232252217023238,2.1421095802702705,0.09014263675296752,2.1421095802702705,0.09014263675296741,100.00009014263675,2.050135051087011,False,True
26.2124248496994,20.86095034405379,100.0,100.00212631978961,2.126319789616318,2.1523758601344767,-0.026056070518158524,2.1523758601344767,-0.026056070518158503,99.99997394392948,2.0674984899714364,False,True
26.452905811623246,20.865013729037514,100.0,100.00149096439723,1.4909643972391209,2.1625343225937854,-0.6715699253546645,2.1625343225937854,-0.6715699253546645,99.99932843007464,2.0848619288558607,True,True
26.693386773547093,20.86903580925458,100.0,100.00216330966673,2.163309666729224,2.17258952313645,-0.009279856407225907,2.17258952313645,-0.00927985640722584,99.99999072014359,2.102225367740285,False,True
26.93386773547094,20.87301843078612,100.0,100.00220362665044,2.203626650444663,2.182546076965304,0.021080573479359252,2.182546076965304,0.0210805734793591,100.00002108057348,2.11958880662471,False,True
27.174348697394787,20.87696346253158,100.0,100.0030545433957,3.0545433956988024,2.1924086563289524,0.8621347393698501,2.1924086563289524,0.86213473936985,100.00086213473936,2.1369522455091348,False,True
27.414829659318634,20.880872795127917,100.0,100.00213485565014,2.1348556501464007,2.2021819878197935,-0.06732633767339288,2.2021819878197935,-0.0673263376733928,99.99993267366233,2.154315684393559,False,True
27.655310621242485,20.884748339856323,100.0,100.00231741241946,2.3174124194575714,2.211870849640807,0.10554156981676435,2.211870849640807,0.10554156981676455,100.00010554156982,2.1716791232779844,False,True
27.895791583166332,20.888592027536923,100.0,100.00220933094944,2.2093309494454725,2.2214800688423075,-0.012149119396835158,2.2214800688423075,-0.01214911939683505,99.9999878508806,2.189042562162409,False,True
28.13627254509018,20.892405807412246,100.0,100.00182197720537,1.821977205363778,2.231014518530614,-0.40903731316683617,2.231014518530614,-0.4090373131668361,99.99959096268684,2.2064060010468336,True,True
28.376753507014026,20.89619164601999,100.0,100.00264046710014,2.640467100130231,2.2404791150499737,0.3999879850802572,2.2404791150499737,0.39998798508025724,100.00039998798508,2.223769439931258,False,True
28.617234468937873,20.899951526055823,100.0,100.00251305537658,2.5130553765799277,2.2498788151395566,0.26317656144037094,2.2498788151395566,0.26317656144037116,100.00026317656145,2.241132878815683,False,True
28.857715430861724,20.90368744522681,100.0,100.00253607979454,2.536079794532095,2.259218613067029,0.2768611814650664,2.259218613067029,0.27686118146506633,100.00027686118146,2.2584963177001076,False,True
29.09819639278557,20.90740141509618,100.0,100.00195021792857,1.9502179285622954,2.268503537740454,-0.3182856091781586,2.268503537740454,-0.3182856091781585,99.99968171439082,2.2758597565845324,True,True
29.338677354709418,20.91109545992007,100.0,100.00276871665862,2.7687166586278087,2.277738649800174,0.4909780088276347,2.277738649800174,0.49097800882763476,100.00049097800883,2.293223195468957,False,True
29.579158316633265,20.914771615476937,100.0,100.00179628116672,1.7962811667150442,2.2869290386923424,-0.49064787197729826,2.2869290386923424,-0.4906478719772982,99.99950935212803,2.3105866343533816,True,True
29.819639278557112,20.91843192789029,100.0,100.00250147980256,2.501479802555817,2.2960798197257226,0.20539998283009459,2.2960798197257226,0.20539998283009453,100.00020539998283,2.327950073237806,False,True
30.06012024048096,20.922078452445465,100.0,100.00307185560014,3.0718556001471553,2.3051961311136626,0.7666594690334925,2.3051961311136626,0.7666594690334927,100.00076665946904,2.345313512122231,False,True
30.30060120240481,20.925713252401085,100.0,100.00196759541721,1.9675954172069714,2.3142831310027123,-0.3466877137957409,2.3142831310027123,-0.3466877137957409,99.9996533122862,2.3626769510066556,True,True
30.541082164328657,20.929338397795906,100.0,100.00212514178912,2.125141789128795,2.323345994489765,-0.19820420536097016,2.323345994489765,-0.19820420536097005,99.99980179579464,2.3800403898910805,False,True
30.781563126252504,20.932955964251754,100.0,100.00236726788842,2.367267888410059,2.3323899106293844,0.034877977780674425,2.3323899106293844,0.034877977780674474,100.00003487797778,2.397403828775505,False,True
31.02204408817635,20.936568031773234,100.0,100.0021652036005,2.165203600492416,2.3414200794330853,-0.17621647894066972,2.3414200794330853,-0.1762164789406695,99.99982378352107,2.4147672676599297,False,True
31.262525050100198,20.94017668354488,100.0,100.00180770950799,1.8077095079890544,2.350441708862201,-0.5427322008731464,2.350441708862201,-0.5427322008731466,99.99945726779913,2.4321307065443545,True,True
31.50300601202405,20.9437840047265,100.0,100.002383457053,2.3834570529983576,2.359460011816248,0.023997041182109564,2.359460011816248,0.02399704118210977,100.00002399704118,2.4494941454287793,False,True
31.743486973947896,20.947392081247365,100.0,100.00199667390332,1.996673903314276,2.3684802031184127,-0.3718062998041367,2.3684802031184127,-0.3718062998041367,99.99962819370019,2.4668575843132037,True,True
31.983967935871743,20.95100299859994,100.0,100.00254326484722,2.5432648472221624,2.377507496499849,0.16575735072231354,2.377507496499849,0.16575735072231357,100.00016575735073,2.4842210231976285,False,True
32.22444889779559,20.954618840633888,100.0,100.0020647486196,2.0647486196028884,2.3865471015847195,-0.3217984819818311,2.3865471015847195,-0.32179848198183114,99.99967820151802,2.5015844620820533,False,True
32.46492985971944,20.958241688351013,100.0,100.00293808126263,2.9380812626336708,2.395604220877532,0.5424770417561388,2.395604220877532,0.5424770417561389,100.00054247704176,2.518947900966478,False,True
32.705410821643284,20.96187361870185,100.0,100.00213054539444,2.130545394436945,2.404684046754628,-0.274138652317683,2.404684046754628,-0.2741386523176832,99.99972586134768,2.5363113398509025,False,True
32.945891783567134,20.9655167033846,100.0,100.00230107022779,2.3010702277895168,2.413791758461503,-0.11272153067198644,2.413791758461503,-0.11272153067198643,99.99988727846933,2.5536747787353273,False,True
33.18637274549098,20.969173007647104,100.0,100.0027076635452,2.707663545197144,2.4229325191177598,0.2847310260793844,2.4229325191177598,0.2847310260793843,100.00028473102608,2.5710382176197517,False,True
33.42685370741483,20.97284458909254,100.0,100.00200130896198,2.001308961979462,2.4321114727313464,-0.4308025107518843,2.4321114727313464,-0.43080251075188425,99.99956919748925,2.5884016565041765,False,True
33.66733466933868,20.976533496489555,100.0,100.00252094471834,2.520944718335333,2.441333741223888,0.0796109771114453,2.441333741223888,0.07961097711144527,100.00007961097711,2.6057650953886013,False,True
33.90781563126252,20.98024176858749,100.0,100.00290810438547,2.908104385467575,2.450604421468725,0.4574999639988498,2.450604421468725,0.45749996399884996,100.000457499964,2.6231285342730257,False,True
34.14829659318637,20.98397143293741,100.0,100.00189730945024,1.8973094502470929,2.4599285823435224,-0.5626191320964296,2.4599285823435224,-0.5626191320964296,99.9994373808679,2.640491973157451,True,True
34.38877755511022,20.987724504719598,100.0,100.00253393311229,2.533933112285301,2.4693112617989943,0.06462185048630648,2.4693112617989943,0.06462185048630653,100.00006462185048,2.6578554120418754,False,True
34.62925851703407,20.991502985578222,100.0,100.00256971644193,2.569716441932504,2.4787574639455556,0.09095897798694823,2.4787574639455556,0.09095897798694841,100.00009095897799,2.6752188509263,False,True
34.86973947895792,20.995308862463798,100.0,100.00276191016128,2.761910161281553,2.4882721561594945,0.2736380051220586,2.4882721561594945,0.2736380051220584,100.00027363800513,2.692582289810725,False,True
35.11022044088176,20.999144106484202,100.0,100.00206492751741,2.0649275174031767,2.4978602662105054,-0.4329327488073287,2.4978602662105054,-0.4329327488073287,99.99956706725119,2.7099457286951494,False,True
35.35070140280561,21.003010671764777,100.0,100.00204536686483,2.0453668648324457,2.507526679411942,-0.4621598145794967,2.507526679411942,-0.4621598145794965,99.99953784018543,2.727309167579574,False,True
35.591182364729455,21.006910494318326,100.0,100.00269995578377,2.69995578376173,2.5172762357958156,0.18267954796591415,2.5172762357958156,0.18267954796591424,100.00018267954796,2.7446726064639986,False,True
35.831663326653306,21.010845490925526,100.0,100.00263105836295,2.6310583629454296,2.5271137273138145,0.10394463563161511,2.5271137273138145,0.10394463563161516,100.00010394463563,2.7620360453484234,False,True
36.07214428857715,21.014817558026493,100.0,100.00262471639269,2.62471639268729,2.5370438950662333,0.08767249762105678,2.5370438950662333,0.08767249762105678,100.00008767249763,2.7793994842328478,False,True
36.312625250501,21.018828570624112,100.0,100.00266832829989,2.6683282998842226,2.547071426560281,0.12125687332394149,2.547071426560281,0.12125687332394142,100.00012125687333,2.7967629231172726,False,True
36.55310621242485,21.022880381199744,100.0,100.00231919230045,2.3191923004468893,2.557200952999361,-0.23800865255247178,2.557200952999361,-0.23800865255247183,99.99976199134744,2.814126362001698,False,True
36.793587174348694,21.026974818641964,100.0,100.00264872584061,2.6487258406112613,2.56743704660491,0.08128879400635124,2.56743704660491,0.08128879400635114,100.00008128879401,2.8314898008861222,False,True
37.034068136272545,21.031113687188956,100.0,100.00268035958362,2.6803595836269283,2.5777842179723898,0.10257536565453843,2.5777842179723898,0.10257536565453851,100.00010257536566,2.848853239770547,False,True
37.27454909819639,21.035298765385154,100.0,100.00233822391715,2.338223917153655,2.588246913462884,-0.2500229963092287,2.588246913462884,-0.25002299630922886,99.99974997700369,2.8662166786549714,False,True
37.51503006012024,21.03953180505273,100.0,100.00325185059154,3.2518505915324862,2.5988295126318217,0.6530210789006647,2.5988295126318217,0.6530210789006645,100.0006530210789,2.8835801175393962,False,True
37.75551102204409,21.04381453027855,100.0,100.00277537784801,2.775377848015499,2.6095363256963733,0.16584152231912563,2.6095363256963733,0.16584152231912563,100.00016584152232,2.900943556423821,False,True
37.99599198396793,21.04814863641716,100.0,100.00220341536702,2.2034153670219734,2.6203715910429004,-0.41695622402092697,2.6203715910429004,-0.416956224020927,99.99958304377598,2.9183069953082454,False,True
38.236472945891784,21.052535789110408,100.0,100.0028611332358,2.86113323579786,2.6313394727760198,0.22979376302184037,2.6313394727760198,0.2297937630218403,100.00022979376303,2.9356704341926703,False,True
38.47695390781563,21.056977623324194,100.0,100.00230130547374,2.301305473730922,2.6424440583104847,-0.3411385845795625,2.6424440583104847,-0.3411385845795625,99.99965886141543,2.9530338730770946,False,True
38.71743486973948,21.061475742403044,100.0,100.00292916896731,2.9291689673174672,2.653689356007609,0.2754796113098582,2.653689356007609,0.2754796113098581,100.0002754796113,2.97039731196152,False,True
38.95791583166333,21.066031717142884,100.0,100.00307058774551,3.070587745509802,2.665079292857211,0.4055084526525914,2.665079292857211,0.40550845265259117,100.00040550845266,2.9877607508459447,False,True
39.19839679358717,21.070647084882708,100.0,100.00238937890079,2.3893789007836714,2.6766177122067702,-0.28723881142309865,2.6766177122067702,-0.2872388114230988,99.99971276118858,3.005124189730369,False,True
39.43887775551102,21.075323348615523,100.0,100.00302549001677,3.0254900167743206,2.688308371538808,0.33718164523551264,2.688308371538808,0.33718164523551275,100.00033718164524,3.022487628614794,False,True
39.679358717434866,21.080061976119236,100.0,100.00284462826473,2.844628264725864,2.7001549402980896,0.1444733244277744,2.7001549402980896,0.1444733244277745,100.00014447332443,3.0398510674992183,False,True
39.91983967935872,21.084864399107826,100.0,100.00299988205377,2.999882053767635,2.7121609977695638,0.28772105599807146,2.7121609977695638,0.2877210559980714,100.000287721056,3.057214506383643,False,True
40.16032064128257,21.089732012403434,100.0,100.00338820757494,3.388207574937468,2.724330031008586,0.6638775439288815,2.724330031008586,0.6638775439288818,100.00066387754393,3.074577945268068,False,True
40.40080160320641,21.09466617312974,100.0,100.00265077959223,2.650779592223341,2.7366654328243456,-0.08588584060100467,2.7366654328243456,-0.08588584060100457,99.9999141141594,3.0919413841524923,False,True
40.64128256513026,21.09966819992718,100.0,100.0024853628423,2.4853628422928287,2.74917049981795,-0.2638076575251213,2.74917049981795,-0.26380765752512136,99.99973619234248,3.109304823036917,False,True
40.881763527054105,21.10473937219039,100.0,100.0024505183801,2.4505183801070443,2.761848430475977,-0.31133005036893313,2.761848430475977,-0.3113300503689329,99.99968866994963,3.1266682619213415,False,True
41.122244488977955,21.109880929328355,100.0,100.00248916872359,2.4891687235829845,2.774702323320888,-0.2855335997379034,2.774702323320888,-0.2855335997379034,99.99971446640026,3.1440317008057668,False,True
41.3627254509018,21.115094070047675,100.0,100.00276074957682,2.7607495768242516,2.787735175119188,-0.026985598294936467,2.787735175119188,-0.02698559829493652,99.9999730144017,3.161395139690191,False,True
41.60320641282565,21.120379951659384,100.0,100.00292035307034,2.9203530703342855,2.80094987914846,0.11940319118582535,2.80094987914846,0.11940319118582554,100.00011940319119,3.178758578574616,False,True
41.8436873747495,21.125739689409684,100.0,100.00291119100329,2.9111910032897175,2.8143492235242107,0.09684177976550666,2.8143492235242107,0.09684177976550679,100.00009684177977,3.196122017459041,False,True
42.08416833667334,21.131174355835025,100.0,100.00311745002675,3.1174500267501712,2.827935889587563,0.2895141371626083,2.827935889587563,0.28951413716260843,100.00028951413717,3.213485456343465,False,True
42.324649298597194,21.13668498014187,100.0,100.00284626311252,2.8462631125119393,2.841712450354672,0.0045506621572674565,2.841712450354672,0.004550662157267293,100.00000455066215,3.23084889522789,False,True
42.56513026052104,21.142272547611533,100.0,100.00336441829603,3.364418296033894,2.855681369028833,0.5087369270050609,2.855681369028833,0.508736927005061,100.000508736927,3.2482123341123144,False,True
42.80561122244489,21.1479379990304,100.0,100.00277721510594,2.7772151059427164,2.869844997576001,-0.09262989163328463,2.869844997576001,-0.09262989163328461,99.99990737010836,3.265575772996739,False,True
43.04609218436874,21.15368223014588,100.0,100.00383626478367,3.8362647836710644,2.884205575364698,0.9520592083063665,2.884205575364698,0.9520592083063666,100.0009520592083,3.2829392118811644,False,True
43.28657314629258,21.159506091148426,100.0,100.00311774879958,3.117748799588817,2.898765227871065,0.21898357171775215,2.898765227871065,0.21898357171775196,100.00021898357171,3.300302650765589,False,True
43.52705410821643,21.16541038617987,100.0,100.0026135208207,2.61352082070398,2.9135259654496792,-0.3000051447456989,2.9135259654496792,-0.30000514474569906,99.99969999485525,3.3176660896500136,False,True
43.767535070140276,21.171395872868423,100.0,100.00255367730784,2.553677307849669,2.928489682171058,-0.3748123743213893,2.928489682171058,-0.37481237432138936,99.99962518762568,3.335029528534438,False,True
44.00801603206413,21.17746326189051,100.0,100.00311252350006,3.112523500061387,2.943658154726272,0.16886534533511485,2.943658154726272,0.168865345335115,100.00016886534533,3.352392967418863,False,True
44.24849699398798,21.183613216559838,100.0,100.00288082106654,2.880821066535547,2.9590330413995947,-0.07821197486404781,2.9590330413995947,-0.07821197486404774,99.99992178802513,3.3697564063032877,False,True
44.48897795591182,21.18984635244381,100.0,100.00322451605405,3.2245160540417537,2.9746158811095214,0.24990017293223218,2.9746158811095214,0.24990017293223232,100.00024990017293,3.387119845187712,False,True
44.72945891783567,21.196163237007518,100.0,100.00315604126112,3.1560412611195354,2.990408092518795,0.16563316860074068,2.990408092518795,0.16563316860074062,100.0001656331686,3.404483284072137,False,True
44.969939879759515,21.202564389285634,100.0,100.00298092085379,2.9809208537841787,3.0064109732140842,-0.02549011942990547,3.0064109732140842,-0.025490119429905533,99.99997450988057,3.4218467229565612,False,True
45.210420841683366,21.20905027958222,100.0,100.00272624789763,2.726247897631613,3.0226256989555544,-0.2963778013239417,3.0226256989555544,-0.29637780132394154,99.99970362219868,3.4392101618409865,False,True
45.45090180360721,21.215621329198793,100.0,100.00250885679435,2.50885679435693,3.039053322996983,-0.5301965286400526,3.039053322996983,-0.5301965286400527,99.99946980347136,3.456573600725411,False,True
45.69138276553106,21.222277910190662,100.0,100.00289941454226,2.899414542253199,3.055694775476656,-0.15628023322345735,3.055694775476656,-0.1562802332234572,99.99984371976677,3.4739370396098357,False,True
45.93186372745491,21.2290203451518,100.0,100.0033722904409,3.3722904408927126,3.0725508628794973,0.29973957801321527,3.0725508628794973,0.29973957801321527,100.00029973957801,3.4913004784942605,False,True
46.172344689378754,21.23584890702828,100.0,100.00316455507802,3.1645550780162734,3.089622267570702,0.07493281044557139,3.089622267570702,0.07493281044557154,100.00007493281045,3.508663917378685,False,True
46.412825651302605,21.24276381896045,100.0,100.00267090097485,2.670900974851933,3.106909547401129,-0.4360085725491958,3.106909547401129,-0.4360085725491958,99.99956399142745,3.5260273562631097,False,True
46.65330661322645,21.249765254153868,100.0,100.00318502645943,3.1850264594325832,3.1244131353846694,0.0606133240479137,3.1244131353846694,0.060613324047913864,100.00006061332405,3.543390795147534,False,True
46.8937875751503,21.25685333577916,100.0,100.00327699442235,3.2769944223529897,3.1421333394478967,0.13486108290509286,3.1421333394478967,0.1348610829050929,100.0001348610829,3.560754234031959,False,True
47.13426853707415,21.264028136900798,100.0,100.00285072023958,2.8507202395815985,3.160070342251995,-0.30935010267039653,3.160070342251995,-0.3093501026703964,99.99969064989733,3.5781176729163837,False,True
47.37474949899799,21.27128968043482,100.0,100.00323202798816,3.2320279881679825,3.1782242010870476,0.053803787080934765,3.1782242010870476,0.05380378708093492,100.00005380378708,3.595481111800808,False,True
47.61523046092184,21.278637939135614,100.0,100.00321696789929,3.216967899295134,3.196594847839034,0.020373051456099963,3.196594847839034,0.020373051456100022,100.00002037305146,3.6128445506852334,False,True
47.85571142284569,21.286072835611645,100.0,100.00281514248479,2.8151424847883937,3.2151820890291116,-0.40003960424071805,3.2151820890291116,-0.40003960424071794,99.99959996039576,3.6302079895696577,False,True
48.09619238476954,21.29359424237023,100.0,100.00335921118204,3.3592111820474724,3.2339856059255734,0.12522557612189913,3.2339856059255734,0.125225576121899,100.00012522557613,3.6475714284540826,False,True
48.33667334669339,21.30120198189124,100.0,100.00344927953896,3.44927953895698,3.253004954728098,0.19627458422888203,3.253004954728098,0.196274584228882,100.00019627458423,3.6649348673385074,False,True
48.57715430861723,21.30889582672979,100.0,100.00365130750194,3.651307501935818,3.272239566824471,0.37906793511134695,3.272239566824471,0.37906793511134707,100.00037906793511,3.6822983062229317,False,True
48.81763527054108,21.316675499647737,100.0,100.00366051946733,3.6605194673315573,3.2916887491193414,0.368830718212216,3.2916887491193414,0.3688307182122159,100.00036883071822,3.6996617451073566,False,True
49.058116232464926,21.324540673774006,100.0,100.00282916740565,2.8291674056500336,3.3113516844350155,-0.4821842787849818,3.3113516844350155,-0.48218427878498193,99.99951781572122,3.717025183991781,False,True
49.298597194388776,21.332490972793643,100.0,100.00300298866802,3.0029886680138143,3.3312274319841073,-0.32823876397029295,3.3312274319841073,-0.32823876397029306,99.99967176123603,3.7343886228762058,False,True
49.53907815631263,21.340525971165395,100.0,100.00353157727143,3.5315772714365177,3.351314927913487,0.18026234352303092,3.351314927913487,0.18026234352303083,100.00018026234352,3.751752061760631,False,True
49.77955911823647,21.348645194367812,100.0,100.00355143806874,3.5514380687388027,3.37161298591953,0.17982508281927306,3.37161298591953,0.1798250828192729,100.00017982508282,3.7691155006450554,False,True
50.02004008016032,21.356848119173648,100.0,100.00357238698814,3.572386988141237,3.3921202979341203,0.18026669020711675,3.3921202979341203,0.18026669020711683,100.00018026669021,3.7864789395294802,False,True
50.260521042084164,21.365134173952445,100.0,100.00476129145662,4.761291456610264,3.412835434881112,1.3484560217291524,3.412835434881112,1.3484560217291524,100.00134845602173,3.8038423784139046,False,True
50.501002004008015,21.37350273900108,100.0,100.00363356852624,3.6335685262453064,3.433756847502698,0.19981167874260844,3.433756847502698,0.1998116787426083,100.00019981167874,3.8212058172983294,False,True
50.74148296593186,21.38195314690215,100.0,100.00385233084131,3.852330841318581,3.454882867255371,0.3974479740632096,3.454882867255371,0.39744797406320975,100.00039744797407,3.838569256182754,False,True
50.98196392785571,21.39048468290991,100.0,100.0038101123245,3.8101123244973976,3.4762117072747767,0.33390061722262077,3.4762117072747767,0.3339006172226209,100.00033390061722,3.8559326950671786,False,True
51.22244488977956,21.399096585363605,100.0,100.00372572840136,3.7257284013660414,3.497741463409012,0.2279869379570293,3.497741463409012,0.2279869379570294,100.00022798693796,3.8732961339516034,False,True
51.4629258517034,21.407788046127923,100.0,100.0034091258797,3.409125879695686,3.519470115319807,-0.11034423562412096,3.519470115319807,-0.1103442356241211,99.99988965576438,3.890659572836028,False,True
51.703406813627254,21.416558211060334,100.0,100.00380703475483,3.807034754823478,3.5413955276508347,0.2656392271726436,3.5413955276508347,0.26563922717264354,100.00026563922717,3.9080230117204526,False,True
51.9438877755511,21.42540618050502,100.0,100.00329302662618,3.2930266261744032,3.5635154512625533,-0.2704888250881501,3.5635154512625533,-0.2704888250881501,99.9997295111749,3.925386450604877,False,True
52.18436873747495,21.434331009813132,100.0,100.00350294101217,3.5029410121738267,3.5858275245328297,-0.0828865123590031,3.5858275245328297,-0.08288651235900302,99.99991711348764,3.9427498894893023,False,True
52.4248496993988,21.443331709889065,100.0,100.00343845203298,3.4384520329824775,3.6083292747226636,-0.1698772417401862,3.6083292747226636,-0.16987724174018615,99.99983012275825,3.960113328373727,False,True
52.66533066132264,21.452407247762427,100.0,100.00365967406819,3.659674068191279,3.6310181194060664,0.028655948785212892,3.6310181194060664,0.028655948785212715,100.00002865594878,3.9774767672581515,False,True
52.90581162324649,21.461556547185396,100.0,100.0044640218663,4.464021866299217,3.653891367963489,0.810130498335728,3.653891367963489,0.8101304983357283,100.00081013049834,3.9948402061425763,False,True
53.146292585170336,21.470778489255107,100.0,100.00302340340573,3.0234034057306554,3.676946223137767,-0.6535428174071117,3.676946223137767,-0.6535428174071116,99.9993464571826,4.012203645027,False,True
53.38677354709419,21.480071913060673,100.0,100.00394037084928,3.940370849282762,3.7001797826516825,0.2401910666310797,3.7001797826516825,0.24019106663107959,100.00024019106664,4.0295670839114255,False,True
53.62725450901804,21.48943561635453,100.0,100.00315913848597,3.159138485969948,3.723589040886326,-0.5644505549163781,3.723589040886326,-0.5644505549163781,99.99943554944508,4.046930522795851,False,True
53.86773547094188,21.498868356247684,100.0,100.00358199473759,3.5819947375929075,3.747170890619209,-0.1651761530263017,3.747170890619209,-0.16517615302630162,99.99983482384697,4.064293961680274,False,True
54.10821643286573,21.508368849928434,100.0,100.00415205483375,4.152054833759664,3.7709221248210856,0.3811327089385781,3.7709221248210856,0.3811327089385781,100.00038113270894,4.0816574005646995,False,True
54.348697394789575,21.517935775404226,100.0,100.0038173374452,3.8173374451939766,3.7948394385105644,0.022498006683411967,3.7948394385105644,0.022498006683412175,100.00002249800669,4.099020839449125,False,True
54.589178356713425,21.527567772266103,100.0,100.00344170875839,3.4417087583900003,3.8189194306652574,-0.3772106722752571,3.8189194306652574,-0.37721067227525706,99.99962278932773,4.116384278333549,False,True
54.82965931863727,21.537263442475446,100.0,100.00359280230795,3.592802307947626,3.8431586061886147,-0.2503562982409889,3.8431586061886147,-0.2503562982409888,99.99974964370176,4.1337477172179735,False,True
55.07014028056112,21.54702135117241,100.0,100.00410541259006,4.105412590058164,3.867553377931028,0.23785921212713654,3.867553377931028,0.23785921212713657,100.00023785921212,4.151111156102399,False,True
55.31062124248497,21.556840027505697,100.0,100.00363647174767,3.6364717476632435,3.8921000687642415,-0.2556283211009978,3.8921000687642415,-0.255628321100998,99.9997443716789,4.168474594986823,False,True
55.551102204408814,21.566717965483097,100.0,100.00399255542006,3.992555420061433,3.916794913707742,0.07576050635369119,3.916794913707742,0.07576050635369125,100.00007576050635,4.1858380338712475,False,True
55.791583166332664,21.576653624842404,100.0,100.00395758420608,3.9575842060723447,3.9416340621060098,0.015950143966334825,3.9416340621060098,0.015950143966334984,100.00001595014396,4.203201472755673,False,True
56.03206412825651,21.586645431942124,100.0,100.00373855345819,3.738553458193273,3.9666135798553093,-0.22806012166203596,3.9666135798553093,-0.22806012166203615,99.99977193987834,4.220564911640096,False,True
56.27254509018036,21.596691780671453,100.0,100.00474210988294,4.742109882942495,3.9917294516786317,0.7503804312638639,3.9917294516786317,0.7503804312638636,100.00075038043127,4.2379283505245215,False,True
56.51302605210421,21.606791033379107,100.0,100.00423884924126,4.2388492412590715,4.016977583447767,0.2218716578113039,4.016977583447767,0.22187165781130425,100.00022187165781,4.255291789408947,False,True
56.75350701402805,21.616941521820323,100.0,100.00333355389922,3.3335538992206444,4.042353804550807,-0.7087999053301625,4.042353804550807,-0.7087999053301623,99.99929120009467,4.27265522829337,False,True
56.9939879759519,21.62714154812157,100.0,100.00413311288047,4.133112880473227,4.067853870303928,0.06525901016929968,4.067853870303928,0.06525901016929936,100.00006525901017,4.290018667177796,False,True
57.23446893787575,21.637389385762432,100.0,100.00386184820174,3.8618482017371454,4.093473464406081,-0.23162526266893577,4.093473464406081,-0.23162526266893568,99.99976837473733,4.307382106062221,False,True
57.4749498997996,21.647683280573983,100.0,100.00441755986861,4.417559868613635,4.119208201434956,0.2983516671786784,4.119208201434956,0.2983516671786788,100.00029835166718,4.324745544946646,False,True
57.71543086172345,21.658021451753232,100.0,100.00386767137093,3.8676713709316344,4.14505362938308,-0.2773822584514452,4.14505362938308,-0.2773822584514454,99.99972261774155,4.34210898383107,False,True
57.95591182364729,21.66840209289291,100.0,100.00413084747773,4.130847477718864,4.171005232232279,-0.040157754513414655,4.171005232232279,-0.04015775451341508,99.99995984224549,4.359472422715495,False,True
58.19639278557114,21.67882337302608,100.0,100.00437380398022,4.373803980208361,4.197058432565202,0.17674554764316,4.197058432565202,0.17674554764315964,100.00017674554765,4.37683586159992,False,True
58.436873747494985,21.689283437684978,100.0,100.00452622291218,4.526222912171987,4.223208594212444,0.3030143179595425,4.223208594212444,0.30301431795954237,100.00030301431796,4.394199300484344,False,True
58.677354709418836,21.699780409973393,100.0,100.00382934728246,3.82934728246396,4.249451024933482,-0.42010374246952165,4.249451024933482,-0.42010374246952153,99.99957989625753,4.411562739368769,False,True
58.91783567134269,21.710312391652067,100.0,100.00415870554659,4.1587055465858365,4.275780979130168,-0.11707543254433192,4.275780979130168,-0.11707543254433173,99.99988292456746,4.428926178253194,False,True
59.15831663326653,21.720877464236402,100.0,100.00413596280168,4.13596280168467,4.302193660591005,-0.16623085890633466,4.302193660591005,-0.16623085890633504,99.99983376914109,4.446289617137618,False,True
59.39879759519038,21.731473690105883,100.0,100.00410001899387,4.100018993863908,4.328684225264707,-0.22866523140079914,4.328684225264707,-0.2286652314007993,99.9997713347686,4.463653056022043,False,True
59.639278557114224,21.742099113624594,100.0,100.00497315676816,4.9731567681598685,4.3552477840614845,0.6179089840983839,4.3552477840614845,0.617908984098384,100.0006179089841,4.481016494906466,False,True
59.879759519038075,21.752751762272087,100.0,100.00452362300452,4.523623004516552,4.381879405680218,0.14174359883633442,4.381879405680218,0.14174359883633425,100.00014174359883,4.498379933790892,False,True
60.12024048096192,21.763429647784108,100.0,100.00396726473544,3.967264735443003,4.408574119460269,-0.44130938401726577,4.408574119460269,-0.44130938401726594,99.99955869061598,4.515743372675317,False,True
60.36072144288577,21.774130767302342,100.0,100.00475657859973,4.756578599725027,4.435326918255855,0.3212516814691716,4.435326918255855,0.32125168146917193,100.00032125168147,4.533106811559742,False,True
60.60120240480962,21.78485310453264,100.0,100.00520488743028,5.204887430286022,4.462132761331601,0.7427546689544215,4.462132761331601,0.7427546689544213,100.00074275466895,4.550470250444166,False,True
60.84168336673346,21.795594630911012,100.0,100.00485034941848,4.850349418470431,4.4889865772775295,0.36136284119290135,4.4889865772775295,0.36136284119290174,100.00036136284119,4.567833689328591,False,True
61.08216432865731,21.806353306776707,100.0,100.00398410377886,3.9841037788578624,4.515883266941767,-0.5317794880839046,4.515883266941767,-0.5317794880839046,99.99946822051191,4.585197128213016,False,True
61.32264529058116,21.81712708255172,100.0,100.00437333578087,4.373335780876115,4.542817706379303,-0.16948192550318797,4.542817706379303,-0.16948192550318808,99.9998305180745,4.60256056709744,False,True
61.56312625250501,21.827913899926024,100.0,100.00501320365203,5.013203652030378,4.56978474981506,0.44341890221531793,4.56978474981506,0.4434189022153179,100.00044341890222,4.619924005981865,False,True
61.80360721442886,21.83871169304785,100.0,100.00434909491965,4.349094919653048,4.596779232619621,-0.24768431296657326,4.596779232619621,-0.24768431296657312,99.99975231568703,4.63728744486629,False,True
62.0440881763527,21.849518389718337,100.0,100.00477913277415,4.7791327741470235,4.623795974295843,0.15533679985117993,4.623795974295843,0.1553367998511801,100.00015533679985,4.654650883750714,False,True
62.28456913827655,21.860331912589867,100.0,100.00492195170017,4.921951700174936,4.650829781474668,0.27112191870026786,4.650829781474668,0.2711219187002678,100.0002711219187,4.672014322635139,False,True
62.525050100200396,21.87115018036734,100.0,100.00435344978587,4.353449785866022,4.677875450918352,-0.324425665052329,4.677875450918352,-0.3244256650523294,99.99967557433494,4.689377761519564,False,True
62.765531062124246,21.88197110901175,100.0,100.00468409389791,4.684093897907747,4.704927772529377,-0.020833874621630027,4.704927772529377,-0.02083387462162989,99.99997916612539,4.706741200403988,False,True
63.0060120240481,21.892792612945367,100.0,100.00359753796334,3.597537963339243,4.7319815323634185,-1.1344435690241754,4.7319815323634185,-1.1344435690241754,99.99886555643097,4.724104639288413,False,True
63.24649298597194,21.90361260625777,100.0,100.00440049584118,4.400495841177424,4.759031515644425,-0.3585356744670014,4.759031515644425,-0.3585356744670012,99.99964146432553,4.741468078172838,False,True
63.48697394789579,21.914429003912115,100.0,100.00469767365679,4.697673656792682,4.786072509780288,-0.0883988529876061,4.786072509780288,-0.08839885298760652,99.99991160114702,4.758831517057262,False,True
63.727454909819635,21.925239722950856,100.0,100.00437637519369,4.376375193689443,4.81309930737714,-0.4367241136876973,4.81309930737714,-0.43672411368769737,99.99956327588632,4.776194955941687,False,True
63.967935871743485,21.936042683700304,100.0,100.00541145066563,5.411450665626832,4.84010670925076,0.5713439563760723,4.84010670925076,0.5713439563760723,100.00057134395638,4.793558394826112,False,True
64.20841683366733,21.946835810973255,100.0,100.00436654004514,4.366540045146916,4.867089527433137,-0.5005494822862214,4.867089527433137,-0.5005494822862211,99.99949945051772,4.810921833710536,False,True
64.44889779559118,21.957617035269035,100.0,100.00474002701783,4.740027017828643,4.894042588172587,-0.1540155703439443,4.894042588172587,-0.15401557034394386,99.99984598442965,4.828285272594961,False,True
64.68937875751503,21.968384293970256,100.0,100.00496671993697,4.966719936975773,4.920960734925641,0.04575920205013197,4.920960734925641,0.04575920205013162,100.00004575920205,4.845648711479386,False,True
64.92985971943888,21.97913553253561,100.0,100.00545228448252,5.4522844825121695,4.947838831339029,0.5044456511731404,4.947838831339029,0.5044456511731408,100.00050444565117,4.8630121503638115,False,True
65.17034068136272,21.989868705687947,100.0,100.0044721200113,4.472120011307063,4.974671764219867,-0.5025517529128037,4.974671764219867,-0.5025517529128036,99.99949744824708,4.880375589248235,False,True
65.41082164328657,22.000581778597052,100.0,100.00540856175975,5.408561759746866,5.00145444649263,0.4071073132542358,5.00145444649263,0.40710731325423577,100.00040710731325,4.89773902813266,False,True
65.65130260521042,22.01127272805633,100.0,100.0050317633915,5.03176339149768,5.028181820140825,0.003581571356855467,5.028181820140825,0.0035815713568556617,100.00000358157136,4.915102467017084,False,True
65.89178356713427,22.021939543652806,100.0,100.00471132083126,4.711320831265232,5.054848859132015,-0.3435280278667828,5.054848859132015,-0.3435280278667827,99.99965647197213,4.932465905901509,False,True
66.13226452905812,22.032580228929717,100.0,100.00524318678832,5.243186788316438,5.081450572324293,0.16173621599214474,5.081450572324293,0.1617362159921445,100.00016173621599,4.949829344785934,False,True
66.37274549098196,22.043192802541007,100.0,100.0051776528998,5.177652899803233,5.107982006352518,0.0696708934507145,5.107982006352518,0.06967089345071464,100.00006967089345,4.967192783670358,False,True
66.6132264529058,22.05377529939713,100.0,100.00492436234148,4.9243623414872495,5.1344382484928275,-0.21007590700557813,5.1344382484928275,-0.210075907005578,99.999789924093,4.984556222554783,False,True
66.85370741482966,22.06432577180142,100.0,100.00518524515925,5.1852451592500595,5.160814429503553,0.02443072974650662,5.160814429503553,0.024430729746506508,100.00002443072975,5.001919661439208,False,True
67.09418837675351,22.074842290576395,100.0,100.00505224596753,5.052245967539372,5.187105726440988,-0.13485975890161606,5.187105726440988,-0.13485975890161583,99.9998651402411,5.019283100323634,False,True
67.33466933867736,22.085322946179396,100.0,100.00525303843628,5.253038436286427,5.21330736544849,0.03973107083793681,5.21330736544849,0.03973107083793703,100.00003973107084,5.036646539208057,False,True
67.5751503006012,22.09576584980682,100.0,100.0054711603606,5.471160360599418,5.239414624517051,0.23174573608236632,5.239414624517051,0.2317457360823667,100.00023174573609,5.054009978092482,False,True
67.81563126252505,22.1061691344864,100.0,100.00582052872187,5.820528721866873,5.2654228362160005,0.5551058856508732,5.2654228362160005,0.5551058856508728,100.00055510588565,5.071373416976906,False,True
68.0561122244489,22.116530956156833,100.0,100.0048580919658,4.858091965802685,5.291327390392082,-0.4332354245893971,5.291327390392082,-0.43323542458939723,99.9995667645754,5.088736855861331,False,True
68.29659318637275,22.126849494734163,100.0,100.00606368541797,6.0636854179651,5.317123736835407,0.7465616811296932,5.317123736835407,0.7465616811296929,100.00074656168113,5.106100294745756,False,True
68.5370741482966,22.13712295516433,100.0,100.00465957665809,4.659576658077948,5.342807387910824,-0.6832307298328756,5.342807387910824,-0.6832307298328759,99.99931676927017,5.123463733630182,False,True
68.77755511022043,22.14734956846118,100.0,100.0053152491379,5.315249137890497,5.368373921152951,-0.05312478326245416,5.368373921152951,-0.0531247832624544,99.99994687521674,5.140827172514605,False,True
69.01803607214428,22.157527592729487,100.0,100.00559973000409,5.599730004093319,5.393818981823717,0.20591102226960178,5.393818981823717,0.20591102226960167,100.00020591102226,5.15819061139903,False,True
69.25851703406813,22.167655314172222,100.0,100.00551748543914,5.517485439137817,5.419138285430556,0.09834715370726142,5.419138285430556,0.09834715370726155,100.00009834715371,5.175554050283456,False,True
69.49899799599199,22.177731048081633,100.0,100.00522638278827,5.226382788266873,5.444327620204081,-0.21794483193720782,5.444327620204081,-0.21794483193720815,99.99978205516807,5.192917489167879,False,True
69.73947895791584,22.187753139813477,100.0,100.00539654006191,5.396540061908646,5.469382849533693,-0.07284278762504633,5.469382849533693,-0.07284278762504659,99.99992715721237,5.210280928052304,False,True
69.97995991983967,22.197719965743875,100.0,100.00532174958722,5.321749587229097,5.494299914359688,-0.17255032713059149,5.494299914359688,-0.17255032713059126,99.99982744967286,5.227644366936728,False,True
70.22044088176352,22.207629934208224,100.0,100.00531279717059,5.312797170590087,5.519074835520561,-0.20627766493047403,5.519074835520561,-0.20627766493047428,99.99979372233507,5.245007805821153,False,True
70.46092184368737,22.21748148642163,100.0,100.00584106445001,5.841064450011432,5.543703716054074,0.2973607339573586,5.543703716054074,0.2973607339573583,100.00029736073395,5.262371244705578,False,True
70.70140280561122,22.22727309738032,100.0,100.00569313816354,5.693138163538564,5.568182743450798,0.12495542008776656,5.568182743450798,0.12495542008776628,100.00012495542009,5.279734683590004,False,True
70.94188376753507,22.237003276743547,100.0,100.00534998983352,5.349989833517638,5.592508191858867,-0.24251835834122895,5.592508191858867,-0.24251835834122915,99.99975748164165,5.297098122474429,False,True
71.18236472945891,22.24667056969541,100.0,100.00593153638064,5.931536380640165,5.616676424238527,0.3148599564016377,5.616676424238527,0.3148599564016381,100.0003148599564,5.314461561358852,False,True
71.42284569138276,22.256273557786148,100.0,100.00574823872677,5.7482387267721835,5.64068389446537,0.10755483230681326,5.64068389446537,0.10755483230681318,100.00010755483231,5.331825000243278,False,True
71.66332665330661,22.265810859752424,100.0,100.00594902889098,5.949028890974696,5.66452714938106,0.284501741593636,5.66452714938106,0.28450174159363595,100.00028450174159,5.349188439127701,False,True
71.90380761523046,22.27528113231606,100.0,100.00590857292546,5.908572925463414,5.68820283079015,0.22037009467326427,5.68820283079015,0.22037009467326385,100.00022037009467,5.366551878012126,False,True
72.1442885771543,22.284683070960856,100.0,100.00542155942358,5.421559423579415,5.71170767740214,-0.2901482538227253,5.71170767740214,-0.2901482538227249,99.99970985174618,5.38391531689655,False,True
72.38476953907815,22.294015410686963,100.0,100.00553897516265,5.53897516264847,5.735038526717409,-0.19606336406893934,5.735038526717409,-0.1960633640689391,99.99980393663593,5.401278755780975,False,True
72.625250501002,22.30327692674239,100.0,100.00601974507865,6.0197450786491205,5.758192316855979,0.26155276179314163,5.758192316855979,0.26155276179314146,100.0002615527618,5.4186421946654,False,True
72.86573146292585,22.3124664353313,100.0,100.00599479568123,5.994795681229959,5.781166088328247,0.21362959290171268,5.781166088328247,0.21362959290171268,100.0002136295929,5.436005633549826,False,True
73.1062124248497,22.321582794298525,100.0,100.00579664142786,5.7966414278588605,5.8039569857463125,-0.007315557887451846,5.8039569857463125,-0.007315557887451973,99.99999268444212,5.453369072434251,False,True
73.34669338677354,22.330624903790113,100.0,100.00586762684364,5.8676268436333565,5.826562259475283,0.041064584158073694,5.826562259475283,0.04106458415807346,100.00004106458415,5.470732511318674,False,True
73.58717434869739,22.33959170688931,100.0,100.00629616198074,6.296161980749219,5.848979267223271,0.4471827135259487,5.848979267223271,0.4471827135259483,100.00044718271353,5.4880959502031,False,True
73.82765531062124,22.348482190227774,100.0,100.00566415548948,5.664155489476894,5.871205475569434,-0.20704998609254047,5.871205475569434,-0.20704998609254055,99.99979295001391,5.505459389087523,False,True
74.06813627254509,22.35729538457159,100.0,100.00608472254484,6.0847225448384865,5.8932384614289735,0.19148408340951326,5.8932384614289735,0.19148408340951306,100.00019148408342,5.5228228279719485,False,True
74.30861723446894,22.36603036538176,100.0,100.00584430848511,5.844308485102538,5.915075913454402,-0.07076742835186292,5.915075913454402,-0.07076742835186334,99.99992923257165,5.540186266856374,False,True
74.54909819639278,22.374686253348845,100.0,100.00586052721225,5.860527212242585,5.936715633372112,-0.07618842112952709,5.936715633372112,-0.07618842112952695,99.99992381157887,5.557549705740797,False,True
74.78957915831663,22.383262214901464,100.0,100.00634272743545,6.342727435449176,5.95815553725366,0.3845718981955165,5.95815553725366,0.3845718981955164,100.0003845718982,5.5749131446252225,False,True
75.03006012024048,22.391757462688318,100.0,100.00626828937887,6.268289378866606,5.979393656720795,0.28889572214581044,5.979393656720795,0.28889572214581083,100.00028889572215,5.592276583509648,False,True
75.27054108216433,22.40017125603352,100.0,100.00628515651269,6.285156512684024,6.0004281400838,0.2847283726002235,6.0004281400838,0.2847283726002239,100.0002847283726,5.609640022394073,False,True
75.51102204408818,22.4085029013649,100.0,100.00647817483592,6.478174835916269,6.021257253412253,0.45691758250401515,6.021257253412253,0.4569175825040155,100.00045691758251,5.6270034612784965,False,True
75.75150300601202,22.416751752615106,100.0,100.0060492307261,6.04923072610923,6.041879381537765,0.0073513445714656666,6.041879381537765,0.007351344571465468,100.00000735134458,5.644366900162922,False,True
75.99198396793587,22.424917211595176,100.0,100.00630097656894,6.300976568941177,6.0622930289879395,0.23868353995323735,6.0622930289879395,0.23868353995323766,100.00023868353995,5.661730339047345,False,True
76.23246492985972,22.432998728340507,100.0,100.00597390345604,5.973903456043559,6.082496820851269,-0.1085933648077096,6.082496820851269,-0.10859336480770931,99.99989140663519,5.6790937779317705,False,True
76.47294589178357,22.440995801428862,100.0,100.00621594772694,6.21594772694311,6.102489503572155,0.11345822337095474,6.102489503572155,0.11345822337095512,100.00011345822337,5.696457216816196,False,True
76.71342685370742,22.448907978270338,100.0,100.00607671987665,6.076719876647155,6.1222699456758445,-0.045550069028689605,6.1222699456758445,-0.045550069028689855,99.99995444993097,5.713820655700621,False,True
76.95390781563125,22.4567348553691,100.0,100.00617578572617,6.175785726170199,6.141837138422748,0.03394858774745137,6.141837138422748,0.03394858774745124,100.00003394858774,5.7311840945850445,False,True
77.1943887775551,22.464476078556697,100.0,100.0063694951553,6.369495155294661,6.1611901963917415,0.20830495890291975,6.1611901963917415,0.20830495890291978,100.0002083049589,5.74854753346947,False,True
77.43486973947896,22.4721313431969,100.0,100.00589395111886,5.893951118860533,6.1803283579922486,-0.28637723913171537,6.1803283579922486,-0.2863772391317152,99.99971362276086,5.765910972353895,False,True
77.6753507014028,22.479700394361835,100.0,100.00693158653239,6.9315865323944985,6.1992509859045875,0.7323355464899111,6.1992509859045875,0.7323355464899111,100.00073233554649,5.7832744112383185,False,True
77.91583166332666,22.487183026979437,100.0,100.00586585148392,5.865851483923698,6.217957567448593,-0.3521060835248957,6.217957567448593,-0.3521060835248955,99.99964789391647,5.800637850122744,False,True
78.1563126252505,22.494579085952008,100.0,100.0058114817004,5.811481700404314,6.23644771488002,-0.42496601447570626,6.23644771488002,-0.42496601447570637,99.99957503398552,5.818001289007167,False,True
78.39679358717434,22.50188846624593,100.0,100.00666005997134,6.660059971339849,6.254721165614825,0.40533880572502373,6.254721165614825,0.405338805725024,100.00040533880572,5.8353647278915926,False,True
78.6372745490982,22.5091111129524,100.0,100.00654985972527,6.549859725268028,6.2727777823810005,0.27708194288702753,6.2727777823810005,0.2770819428870279,100.00027708194288,5.852728166776018,False,True
78.87775551102204,22.516247021319174,100.0,100.00650905948926,6.509059489266189,6.290617553297935,0.21844193596825429,6.290617553297935,0.21844193596825434,100.00021844193597,5.870091605660443,False,True
79.1182364729459,22.52329623675332,100.0,100.00652816152012,6.528161520125801,6.308240591883303,0.21992092824249795,6.308240591883303,0.2199209282424981,100.00021992092825,5.887455044544868,False,True
79.35871743486973,22.530258854794965,100.0,100.00632136076649,6.321360766490994,6.325647136987413,-0.004286370496420118,6.325647136987413,-0.004286370496419778,99.9999957136295,5.904818483429292,False,True
79.59919839679358,22.537135021062035,100.0,100.00602879852264,6.0287985226350465,6.342837552655087,-0.314039030020041,6.342837552655087,-0.31403903002004085,99.99968596096998,5.922181922313717,False,True
79.83967935871743,22.543924931166057,100.0,100.00638634392328,6.386343923282946,6.359812327915142,0.026531595367804216,6.359812327915142,0.02653159536780425,100.00002653159537,5.939545361198141,False,True
80.08016032064128,22.550628830599038,100.0,100.00613956547747,6.139565477468357,6.376572076497595,-0.23700659902923907,6.376572076497595,-0.2370065990292387,99.99976299340096,5.956908800082566,False,True
80.32064128256513,22.557247014591493,100.0,100.00673440944317,6.734409443174945,6.393117536478732,0.3412919066962129,6.393117536478732,0.34129190669621323,100.0003412919067,5.974272238966991,False,True
80.56112224448897,22.56377982794173,100.0,100.00635797948632,6.357979486328576,6.409449569854324,-0.05147008352574853,6.409449569854324,-0.05147008352574822,99.99994852991648,5.991635677851415,False,True
80.80160320641282,22.57022766481645,100.0,100.00613664514316,6.136645143163745,6.425569162041125,-0.288924018877379,6.425569162041125,-0.2889240188773794,99.99971107598112,6.00899911673584,False,True
81.04208416833667,22.57659096852281,100.0,100.00632899237672,6.328992376728482,6.441477421307029,-0.1124850445785477,6.441477421307029,-0.11248504457854747,99.99988751495542,6.026362555620265,False,True
81.28256513026052,22.58287023125207,100.0,100.00660170158713,6.601701587126643,6.457175578130174,0.1445260089964685,6.457175578130174,0.1445260089964684,100.000144526009,6.043725994504689,False,True
81.52304609218436,22.589065993794957,100.0,100.006275361391,6.275361391006002,6.472664984487393,-0.19730359348139115,6.472664984487393,-0.19730359348139093,99.99980269640652,6.061089433389114,False,True
81.76352705410821,22.59517884522895,100.0,100.00620016997462,6.200169974624125,6.4879471130723765,-0.287777138448251,6.4879471130723765,-0.28777713844825126,99.99971222286155,6.078452872273537,False,True
82.00400801603206,22.601209422577615,100.0,100.00658831408046,6.588314080466206,6.503023556444036,0.0852905240221693,6.503023556444036,0.0852905240221693,100.00008529052403,6.095816311157963,False,True
82.24448897795591,22.607158410442217,100.0,100.006603634326,6.603634325993596,6.517896026105543,0.08573829988805297,6.517896026105543,0.08573829988805315,100.00008573829989,6.113179750042388,False,True
82.48496993987976,22.613026540605855,100.0,100.00635513624013,6.355136240134741,6.532566351514637,-0.1774301113798954,6.532566351514637,-0.17743011137989573,99.99982256988862,6.130543188926813,False,True
82.7254509018036,22.618814591610253,100.0,100.00638217307205,6.382173072059219,6.547036479025632,-0.16486340696641297,6.547036479025632,-0.164863406966413,99.99983513659303,6.147906627811237,False,True
82.96593186372745,22.62452338830557,100.0,100.00664252594883,6.642525948839095,6.561308470763922,0.0812174780751727,6.561308470763922,0.08121747807517288,100.00008121747807,6.165270066695662,False,True
83.2064128256513,22.63015380137337,100.0,100.00606855498391,6.068554983909364,6.575384503433428,-0.5068295195240634,6.575384503433428,-0.5068295195240635,99.99949317048048,6.182633505580087,False,True
83.44689378757515,22.63570674682316,100.0,100.00609665454603,6.096654546026107,6.589266867057901,-0.4926123210317943,6.589266867057901,-0.4926123210317943,99.99950738767897,6.199996944464511,False,True
83.687374749499,22.641183185462648,100.0,100.00635150248621,6.3515024862182665,6.602957963656619,-0.2514554774383526,6.602957963656619,-0.25145547743835284,99.99974854452256,6.217360383348936,False,True
83.92785571142284,22.646584122342137,100.0,100.00654175380275,6.541753802756197,6.616460305855343,-0.07470650309914653,6.616460305855343,-0.07470650309914628,99.9999252934969,6.234723822233359,False,True
84.16833667334669,22.65191060617332,100.0,100.0067385941634,6.7385941633926025,6.629776515433301,0.1088176479593016,6.629776515433301,0.10881764795930149,100.00010881764796,6.252087261117785,False,True
84.40881763527054,22.657163728722825,100.0,100.00715928399774,7.159283997739405,6.642909321807062,0.5163746759323432,6.642909321807062,0.5163746759323429,100.00051637467594,6.26945070000221,False,True
84.64929859719439,22.662344624180864,100.0,100.00695604242857,6.956042428572868,6.655861560452161,0.30018086812070677,6.655861560452161,0.300180868120707,100.00030018086812,6.286814138886635,False,True
84.88977955911824,22.667454468505362,100.0,100.00661265768578,6.612657685776205,6.668636171263405,-0.055978485487199484,6.668636171263405,-0.055978485487199414,99.99994402151451,6.3041775777710605,False,True
85.13026052104208,22.672494478741896,100.0,100.00667458052409,6.6745805240888,6.681236196854741,-0.0066556727659410906,6.681236196854741,-0.006655672765941034,99.99999334432724,6.321541016655484,False,True
85.37074148296593,22.677465912319924,100.0,100.00634277950317,6.342779503176578,6.693664780799811,-0.35088527762323307,6.693664780799811,-0.35088527762323274,99.99964911472237,6.338904455539909,False,True
85.61122244488978,22.682370066325625,100.0,100.00669944556822,6.699445568216725,6.705925165814062,-0.0064795975973364756,6.705925165814062,-0.006479597597336628,99.9999935204024,6.356267894424333,False,True
85.85170340681363,22.68720827675181,100.0,100.00661699016825,6.6169901682574785,6.718020691879527,-0.10103052362204841,6.718020691879527,-0.10103052362204856,99.99989896947638,6.373631333308758,False,True
86.09218436873748,22.691981917725347,100.0,100.00684290629043,6.8429062904316975,6.729954794313366,0.11295149611833132,6.729954794313366,0.11295149611833111,100.00011295149612,6.390994772193183,False,True
86.33266533066131,22.69669240071252,100.0,100.00645220017154,6.45220017153799,6.741731001781304,-0.289530830243313,6.741731001781304,-0.2895308302433133,99.99971046916976,6.408358211077607,False,True
86.57314629258516,22.701341173702822,100.0,100.00693512421424,6.9351242142414655,6.753352934257055,0.18177127998441028,6.753352934257055,0.18177127998441023,100.00018177127998,6.425721649962032,False,True
86.81362725450902,22.705929720371568,100.0,100.00730128292048,7.301282920479822,6.76482430092892,0.5364586195509021,6.76482430092892,0.5364586195509018,100.00053645861955,6.443085088846457,False,True
87.05410821643287,22.710459559221952,100.0,100.0067380828461,6.738082846094981,6.776148898054881,-0.038066051959900156,6.776148898054881,-0.038066051959900093,99.99996193394804,6.4604485277308825,False,True
87.29458917835672,22.714932242706904,100.0,100.0069279297095,6.927929709501891,6.787330606767261,0.1405991027346295,6.787330606767261,0.1405991027346296,100.00014059910274,6.477811966615306,False,True
87.53507014028055,22.719349356331325,100.0,100.00703992378793,7.039923787927201,6.798373390828312,0.24155039709888937,6.798373390828312,0.24155039709888904,100.00024155039709,6.495175405499731,False,True
87.7755511022044,22.72371251773523,100.0,100.00666885412917,6.668854129178031,6.809281294338074,-0.1404271651600427,6.809281294338074,-0.14042716516004283,99.99985957283484,6.512538844384155,False,True
88.01603206412825,22.728023375758294,100.0,100.00689849080803,6.898490808029381,6.820058439395735,0.07843236863364586,6.820058439395735,0.07843236863364567,100.00007843236864,6.52990228326858,False,True
88.2565130260521,22.73228360948634,100.0,100.00683511636399,6.835116363989481,6.830709023715853,0.004407340273628201,6.830709023715853,0.004407340273628435,100.00000440734027,6.547265722153005,False,True
88.49699398797596,22.736494927280372,100.0,100.00687542395269,6.875423952693021,6.84123731820093,0.0341866344920911,6.84123731820093,0.03418663449209092,100.0000341866345,6.5646291610374305,False,True
88.73747494989979,22.74065906578865,100.0,100.00658109424012,6.581094240122208,6.851647664471621,-0.27055342434941326,6.851647664471621,-0.270553424349413,99.99972944657566,6.581992599921854,False,True
88.97795591182364,22.744777788942407,100.0,100.00687052303334,6.8705230333466485,6.861944472356019,0.008578560990629949,6.861944472356019,0.008578560990629924,100.000008578561,6.599356038806279,False,True
89.21843687374749,22.748852886935822,100.0,100.00704643161927,7.046431619275462,6.872132217339555,0.1742994019359074,6.872132217339555,0.1742994019359072,100.00017429940193,6.616719477690705,False,True
89.45891783567134,22.75288617519075,100.0,100.0073901157007,7.390115700705137,6.882215437976873,0.5079002627282646,6.882215437976873,0.5079002627282643,100.00050790026273,6.634082916575128,False,True
89.6993987975952,22.756879493306915,100.0,100.0072279435224,7.227943522397109,6.892198733267287,0.33574478912982236,6.892198733267287,0.335744789129822,100.00033574478913,6.651446355459553,False,True
89.93987975951903,22.7608347039981,100.0,100.00765570062012,7.6557006201242945,6.90208675999525,0.7536138601290446,6.90208675999525,0.753613860129045,100.00075361386013,6.668809794343977,False,True
90.18036072144288,22.764753692014953,100.0,100.00664331258302,6.643312583026565,6.911884230037382,-0.2685716470108173,6.911884230037382,-0.26857164701081704,99.99973142835299,6.686173233228402,False,True
90.42084168336673,22.7686383630551,100.0,100.00722690813049,7.226908130489987,6.92159590763775,0.30531222285223736,6.92159590763775,0.3053122228522369,100.00030531222285,6.703536672112827,False,True
90.66132264529058,22.772490642661076,100.0,100.00699539630867,6.995396308661113,6.9312266066526895,0.0641697020084231,6.9312266066526895,0.06416970200842353,100.00006416970201,6.720900110997253,False,True
90.90180360721442,22.776312475106845,100.0,100.0077072122144,7.707212214393299,6.940781187767113,0.7664310266261852,6.940781187767113,0.7664310266261856,100.00076643102662,6.738263549881676,False,True
91.14228456913827,22.78010582227344,100.0,100.0066673601558,6.6673601558093,6.950264555683603,-0.282904399874303,6.950264555683603,-0.2829043998743028,99.99971709560013,6.755626988766101,False,True
91.38276553106212,22.783872662514458,100.0,100.00666577901153,6.665779011522874,6.959681656286145,-0.2939026447632716,6.959681656286145,-0.2939026447632713,99.99970609735524,6.772990427650527,False,True
91.62324649298597,22.787614989511994,100.0,100.00675925004788,6.759250047874577,6.969037473779984,-0.20978742590540775,6.969037473779984,-0.20978742590540733,99.9997902125741,6.79035386653495,False,True
91.86372745490982,22.791334811123736,100.0,100.0062349735243,6.234973524300908,6.97833702780934,-0.7433635035084324,6.97833702780934,-0.7433635035084327,99.9992566364965,6.807717305419375,False,True
92.10420841683366,22.79503414822186,100.0,100.00680357111297,6.803571112966381,6.987585370554648,-0.18401425758826637,6.987585370554648,-0.18401425758826662,99.99981598574242,6.825080744303799,False,True
92.34468937875751,22.798715033524388,100.0,100.00673109115226,6.731091152267176,6.9967875838109705,-0.26569643154379424,6.9967875838109705,-0.26569643154379463,99.99973430356846,6.842444183188224,False,True
92.58517034068136,22.8023795104197,100.0,100.00705858660132,7.058586601315926,7.005948776049253,0.05263782526667267,7.005948776049253,0.0526378252666726,100.00005263782526,6.859807622072649,False,True
92.82565130260521,22.806029631784885,100.0,100.00713468867099,7.134688670984217,7.015074079462211,0.11961459152200579,7.015074079462211,0.11961459152200593,100.00011961459153,6.877171060957075,False,True
93.06613226452906,22.80966745879859,100.0,100.00768082844073,7.680828440722034,7.024168646996474,0.6566597937255602,7.024168646996474,0.6566597937255603,100.00065665979372,6.8945344998415,False,True
93.3066132264529,22.813295059749073,100.0,100.00736588599274,7.365885992737801,7.033237649372683,0.33264834336511756,7.033237649372683,0.3326483433651175,100.00033264834336,6.911897938725923,False,True
93.54709418837675,22.81691450883816,100.0,100.00684036999262,6.840369992613558,7.042286272095399,-0.20191627948184107,7.042286272095399,-0.201916279481841,99.99979808372052,6.929261377610349,False,True
93.7875751503006,22.82052788498175,100.0,100.00673687457748,6.7368745774824506,7.051319712454376,-0.3144451349719253,7.051319712454376,-0.3144451349719253,99.99968555486502,6.946624816494772,False,True
94.02805611222445,22.824137270607626,100.0,100.00723251488655,7.2325148865463404,7.060343176519064,0.172171710027277,7.060343176519064,0.1721717100272766,100.00017217171003,6.963988255379197,False,True
94.2685370741483,22.827744750451227,100.0,100.00660728025368,6.607280253670844,7.0693618761280685,-0.4620816224572247,7.0693618761280685,-0.46208162245722484,99.99953791837754,6.981351694263623,False,True
94.50901803607213,22.831352410350068,100.0,100.00771939159392,7.719391593924192,7.078381025875169,0.6410105680490238,7.078381025875169,0.6410105680490235,100.00064101056805,6.998715133148046,False,True
94.74949899799599,22.834962336037538,100.0,100.00750020988235,7.500209882346296,7.0874058400938456,0.41280404225245043,7.0874058400938456,0.4128040422524508,100.00041280404226,7.016078572032471,False,True
94.98997995991984,22.838576611936773,100.0,100.0069322300516,6.932230051605286,7.0964415298419325,-0.16421147823664667,7.0964415298419325,-0.1642114782366466,99.99983578852176,7.033442010916897,False,True
95.23046092184369,22.84219731995523,100.0,100.0065058962147,6.505896214706265,7.105493299888073,-0.5995970851818071,7.105493299888073,-0.5995970851818075,99.99940040291482,7.050805449801322,False,True
95.47094188376754,22.845826538280807,100.0,100.00758842167666,7.588421676659912,7.114566345702018,0.47385533095789445,7.114566345702018,0.47385533095789434,100.00047385533095,7.068168888685745,False,True
95.71142284569137,22.849466340180015,100.0,100.0070835769046,7.083576904611622,7.123665850450038,-0.04008894583841626,7.123665850450038,-0.04008894583841638,99.99995991105416,7.085532327570171,False,True
95.95190380761522,22.853118792799084,100.0,100.00756603269119,7.56603269118842,7.132796981997709,0.4332357091907116,7.132796981997709,0.4332357091907113,100.0004332357092,7.102895766454594,False,True
96.19238476953907,22.856785955968522,100.0,100.00658391520935,6.583915209343278,7.141964889921306,-0.5580496805780284,7.141964889921306,-0.5580496805780282,99.99944195031942,7.1202592053390195,False,True
96.43286573146293,22.860469881011998,100.0,100.00694139344449,6.941393444496174,7.151174702529994,-0.2097812580338205,7.151174702529994,-0.20978125803382053,99.99979021874196,7.137622644223445,False,True
96.67334669338678,22.86417260956006,100.0,100.0071622668188,7.162266818801517,7.160431523900153,0.0018352949013641078,7.160431523900153,0.0018352949013644704,100.0000018352949,7.15498608310787,False,True
96.91382765531061,22.867896172369516,100.0,100.00718618363874,7.18618363874145,7.16974043092379,0.01644320781765972,7.16974043092379,0.016443207817659733,100.00001644320781,7.1723495219922935,False,True
97.15430861723446,22.871642588149065,100.0,100.00702158355536,7.021583555354927,7.179106470372663,-0.15752291501773527,7.179106470372663,-0.15752291501773552,99.99984247708498,7.189712960876719,False,True
97.39478957915831,22.875413862391923,100.0,100.00740653213231,7.406532132301432,7.188534655979808,0.21799747632162456,7.188534655979808,0.21799747632162436,100.00021799747633,7.207076399761144,False,True
97.63527054108216,22.879211986216077,100.0,100.00682436281525,6.824362815256285,7.198029965540194,-0.373667150283908,7.198029965540194,-0.3736671502839082,99.99962633284972,7.2244398386455675,False,True
97.87575150300601,22.883038935212866,100.0,100.00715776451827,7.157764518274713,7.207597338032166,-0.04983281975745272,7.207597338032166,-0.04983281975745246,99.99995016718024,7.241803277529993,False,True
98.11623246492985,22.88689666830451,100.0,100.00725934514186,7.259345141860437,7.217241670761272,0.0421034710991646,7.217241670761272,0.04210347109916501,100.0000421034711,7.259166716414416,False,True
98.3567134268537,22.890787126611304,100.0,100.00740702140845,7.407021408448823,7.22696781652826,0.18005359192056214,7.22696781652826,0.18005359192056236,100.00018005359192,7.2765301552988415,False,True
98.59719438877755,22.89471223232912,100.0,100.00748584578815,7.48584578815391,7.236780580822799,0.2490652073311114,7.236780580822799,0.24906520733111126,100.00024906520733,7.293893594183267,False,True
98.8376753507014,22.898673887617807,100.0,100.0068530599869,6.853059986901264,7.246684719044518,-0.3936247321432542,7.246684719044518,-0.39362473214325444,99.99960637526786,7.311257033067692,False,True
99.07815631262525,22.90267397350122,100.0,100.00671974497399,6.719744973995581,7.256684933753048,-0.5369399597574678,7.256684933753048,-0.5369399597574676,99.99946306004024,7.328620471952117,False,True
99.31863727454909,22.906714348779452,100.0,100.00771397275962,7.713972759613109,7.266785871948631,0.4471868876644781,7.266785871948631,0.4471868876644782,100.00044718688767,7.345983910836541,False,True
99.55911823647294,22.91079684895392,100.0,100.00739330202657,7.393302026577661,7.276992122384804,0.11630990419285707,7.276992122384804,0.1163099041928568,100.00011630990419,7.363347349720966,False,True
99.79959919839679,22.914923285165937,100.0,100.00702533792511,7.0253379251200485,7.2873082129148425,-0.26197028779479375,7.2873082129148425,-0.26197028779479403,99.9997380297122,7.3807107886053895,False,True
100.04008016032064,22.919095443149338,100.0,100.0078406417993,7.840641799306228,7.297738607873345,0.542903191432883,7.297738607873345,0.5429031914328828,100.00054290319143,7.398074227489815,False,True
100.28056112224448,22.92331508219783,100.0,100.0073487738275,7.348773827497078,7.308287705494578,0.040486122002500534,7.308287705494578,0.040486122002500124,100.000040486122,7.415437666374238,False,True
100.52104208416833,22.927583934147638,100.0,100.0077317138498,7.731713849791434,7.318959835369094,0.4127540144223392,7.318959835369094,0.4127540144223394,100.00041275401442,7.4328011052586636,False,True
100.76152304609218,22.93190370237599,100.0,100.00735339072443,7.353390724433514,7.329759255939976,0.023631468493538133,7.329759255939976,0.023631468493538144,100.0000236314685,7.450164544143089,False,True
101.00200400801603,22.93627606081609,100.0,100.00806195192575,8.061951925748923,7.340690152040228,0.7212617737086955,7.340690152040228,0.7212617737086955,100.0007212617737,7.467527983027514,False,True
101.24248496993988,22.94070265298912,100.0,100.00796612592733,7.966125927327923,7.351756632472801,0.6143692948551215,7.351756632472801,0.6143692948551216,100.00061436929485,7.484891421911938,False,True
101.48296593186372,22.945185091053812,100.0,100.00727582527567,7.275825275666854,7.36296272763453,-0.08713745196767572,7.36296272763453,-0.08713745196767597,99.99991286254803,7.502254860796363,False,True
101.72344689378757,22.949724954874164,100.0,100.00771436222001,7.714362220019433,7.374312387185409,0.3400498328340244,7.374312387185409,0.34004983283402446,100.00034004983283,7.519618299680788,False,True
101.96392785571142,22.954323791105832,100.0,100.00761169106012,7.611691060119382,7.38580947776458,0.22588158235480163,7.38580947776458,0.22588158235480194,100.00022588158235,7.536981738565212,False,True
102.20440881763527,22.958983112301723,100.0,100.00787647882589,7.87647882589063,7.3974577807543085,0.479021045136322,7.3974577807543085,0.4790210451363217,100.00047902104514,7.554345177449637,False,True
102.44488977955912,22.96370439603732,100.0,100.00707153777888,7.071537778890259,7.409260990093296,-0.33772321120303656,7.409260990093296,-0.33772321120303683,99.9996622767888,7.571708616334062,False,True
102.68537074148296,22.96848908405621,100.0,100.00766134072114,7.661340721139976,7.421222710140523,0.24011801099945373,7.421222710140523,0.24011801099945362,100.00024011801099,7.589072055218486,False,True
102.9258517034068,22.973338581436366,100.0,100.00780379502399,7.80379502398827,7.433346453590914,0.3704485703973557,7.433346453590914,0.3704485703973557,100.0003704485704,7.606435494102911,False,True
103.16633266533066,22.9782542557776,100.0,100.0068300768192,6.830076819195909,7.445635639443999,-0.6155588202480899,7.445635639443999,-0.6155588202480899,99.99938444117976,7.623798932987336,False,True
103.40681362725451,22.983237436410707,100.0,100.00704395311159,7.043953111593748,7.458093591026769,-0.41414047943302124,7.458093591026769,-0.414140479433021,99.99958585952056,7.64116237187176,False,True
103.64729458917836,22.988289413628745,100.0,100.00675699227186,6.756992271855829,7.470723534071864,-0.7137312622160351,7.470723534071864,-0.7137312622160348,99.99928626873779,7.658525810756185,False,True
103.8877755511022,22.993411437940864,100.0,100.0073892362028,7.389236202796565,7.48352859485216,-0.09429239205559521,7.48352859485216,-0.09429239205559536,99.99990570760795,7.675889249640608,False,True
104.12825651302605,22.99860471934917,100.0,100.0077476515879,7.7476515879015135,7.496511798372927,0.2511397895285868,7.496511798372927,0.25113978952858673,100.00025113978953,7.693252688525034,False,True
104.3687374749499,23.003870426648994,100.0,100.00803550103485,8.035501034856097,7.509676066622486,0.5258249682336098,7.509676066622486,0.5258249682336107,100.00052582496824,7.710616127409459,False,True
104.60921843687375,23.009209686753003,100.0,100.00754895739003,7.548957390029429,7.523024216882508,0.025933173146921312,7.523024216882508,0.025933173146921007,100.00002593317315,7.727979566293884,False,True
104.8496993987976,23.014623584039526,100.0,100.00810657440105,8.106574401048768,7.536558960098816,0.5700154409499522,7.536558960098816,0.5700154409499518,100.00057001544096,7.745343005178309,False,True
105.09018036072143,23.02011315972547,100.0,100.00706724738893,7.06724738893846,7.550282899313672,-0.483035510375212,7.550282899313672,-0.48303551037521153,99.99951696448963,7.762706444062733,False,True
105.33066132264528,23.0256794112642,100.0,100.00696801467438,6.968014674386195,7.5641985281604995,-0.596183853774304,7.5641985281604995,-0.5961838537743045,99.99940381614623,7.780069882947158,False,True
105.57114228456913,23.03132329176875,100.0,100.00755886653481,7.558866534808058,7.578308229421875,-0.019441694613816573,7.578308229421875,-0.01944169461381673,99.99998055830538,7.797433321831582,False,True
105.81162324649299,23.03704570946063,100.0,100.00772703718079,7.727037180780337,7.592614273651579,0.13442290712875754,7.592614273651579,0.1344229071287577,100.00013442290712,7.814796760716007,False,True
106.05210420841684,23.042847527144616,100.0,100.00759567565603,7.595675656028607,7.60711881786154,-0.011443161832932588,7.60711881786154,-0.011443161832932702,99.99998855683816,7.832160199600432,False,True
106.29258517034067,23.04872956170982,100.0,100.00689821916926,6.898219169260592,7.6218239042745495,-0.7236047350139567,7.6218239042745495,-0.7236047350139572,99.99927639526499,7.849523638484856,False,True
106.53306613226452,23.0546925836573,100.0,100.00760553944531,7.605539445313773,7.636731459143249,-0.03119201382947594,7.636731459143249,-0.031192013829476117,99.99996880798616,7.866887077369281,False,True
106.77354709418837,23.060737316654464,100.0,100.00719527896646,7.195278966459462,7.65184329163616,-0.4565643251766986,7.65184329163616,-0.4565643251766982,99.99954343567482,7.884250516253706,False,True
107.01402805611222,23.066864437116624,100.0,100.00790154648489,7.901546484882075,7.667161092791561,0.23438539209051346,7.667161092791561,0.23438539209051346,100.00023438539209,7.9016139551381315,False,True
107.25450901803607,23.073074573815802,100.0,100.00781099582068,7.810995820673402,7.682686434539505,0.1283093861338969,7.682686434539505,0.12830938613389709,100.00012830938613,7.918977394022555,False,True
107.49498997995991,23.079368307517143,100.0,100.00736946284358,7.369462843578283,7.698420768792857,-0.32895792521457434,7.698420768792857,-0.32895792521457423,99.99967104207478,7.93634083290698,False,True
107.73547094188376,23.085746170643063,100.0,100.00753451200553,7.534512005539814,7.714365426607657,-0.17985342106784272,7.714365426607657,-0.1798534210678424,99.99982014657893,7.953704271791404,False,True
107.97595190380761,23.092208646965346,100.0,100.00735979688476,7.3597968847522335,7.730521617413366,-0.37072473266113304,7.730521617413366,-0.3707247326611327,99.99962927526734,7.971067710675829,False,True
108.21643286573146,23.09875617132541,100.0,100.00772495274427,7.724952744267912,7.746890428313522,-0.021937684045610157,7.746890428313522,-0.021937684045609807,99.99997806231596,7.988431149560254,False,True
108.45691382765531,23.10538912938283,100.0,100.00809777263564,8.097772635632506,7.763472823457072,0.33429981217543336,7.763472823457072,0.33429981217543414,100.00033429981218,8.00579458844468,False,True
108.69739478957915,23.112107857392317,100.0,100.00743526552726,7.435265527263352,7.780269643480793,-0.34500411621744026,7.780269643480793,-0.3450041162174404,99.99965499588379,8.023158027329103,False,True
108.937875751503,23.118912642009278,100.0,100.00797369788546,7.97369788545444,7.797281605023194,0.17641628043124552,7.797281605023194,0.1764162804312459,100.00017641628042,8.040521466213528,False,True
109.17835671342685,23.12580372012404,100.0,100.00762891913388,7.628919133879745,7.8145093003101,-0.18559016643035425,7.8145093003101,-0.1855901664303543,99.99981440983358,8.057884905097954,False,True
109.4188376753507,23.132781278724853,100.0,100.00755444770552,7.554447705520311,7.831953196812131,-0.27750549129182045,7.831953196812131,-0.2775054912918202,99.9997224945087,8.075248343982377,False,True
109.65931863727454,23.139845454789782,100.0,100.00781215301099,7.81215301099036,7.849613636974455,-0.03746062598409524,7.849613636974455,-0.03746062598409505,99.99996253937401,8.092611782866802,False,True
109.89979959919839,23.146996335207465,100.0,100.00750515602518,7.505156025171882,7.867490838018663,-0.36233481284678093,7.867490838018663,-0.3623348128467807,99.99963766518715,8.109975221751226,False,True
110.14028056112224,23.154233956726895,100.0,100.00769180763494,7.691807634945723,7.885584891817237,-0.1937772568715137,7.885584891817237,-0.19377725687151326,99.99980622274313,8.127338660635651,False,True
110.38076152304609,23.161558305936143,100.0,100.00748463850243,7.484638502434262,7.9038957648403585,-0.41925726240609695,7.9038957648403585,-0.41925726240609684,99.99958074273759,8.144702099520076,False,True
110.62124248496994,23.168969319270136,100.0,100.0086100770947,8.610077094696077,7.922423298175341,0.6876537965207362,7.922423298175341,0.6876537965207365,100.00068765379652,8.162065538404502,False,True
110.86172344689378,23.176466883047397,100.0,100.00795350945081,7.953509450808596,7.941167207618491,0.012342243190105013,7.941167207618491,0.012342243190104796,100.0000123422432,8.179428977288925,False,True
111.10220440881763,23.184050833535803,100.0,100.00771522315604,7.715223156042103,7.960127083839508,-0.24490392779740494,7.960127083839508,-0.244903927797405,99.9997550960722,8.19679241617335,False,True
111.34268537074148,23.191720957047256,100.0,100.00805419536138,8.054195361375116,7.9793023926181395,0.0748929687569777,7.9793023926181395,0.07489296875697704,100.00007489296875,8.214155855057774,False,True
111.58316633266533,23.199476990061246,100.0,100.00795937765776,7.959377657761324,7.998692475153115,-0.039314817391790435,7.998692475153115,-0.03931481739179077,99.99996068518261,8.231519293942199,False,True
111.82364729458918,23.207318619377276,100.0,100.00794095718861,7.940957188606561,8.018296548443189,-0.07733935983662804,8.018296548443189,-0.07733935983662832,99.99992266064017,8.248882732826624,False,True
112.06412825651302,23.215245482295938,100.0,100.00825307205075,8.253072050755042,8.038113705739844,0.2149583450151988,8.038113705739844,0.21495834501519795,100.00021495834501,8.266246171711048,False,True
112.30460921843687,23.223257166828684,100.0,100.00832327061559,8.323270615588267,8.058142917071711,0.26512769851655676,8.058142917071711,0.26512769851655626,100.00026512769851,8.283609610595473,False,True
112.54509018036072,23.23135321193606,100.0,100.00789270762817,7.892707628176466,8.07838302984015,-0.1856754016636846,8.07838302984015,-0.18567540166368435,99.99981432459833,8.300973049479898,False,True
112.78557114228457,23.239533107794333,100.0,100.00789729638527,7.897296385260195,8.098832769485833,-0.201536384225638,8.098832769485833,-0.2015363842256379,99.99979846361578,8.318336488364324,False,True
113.02605210420842,23.24779629609028,100.0,100.00802322264622,8.02322264622262,8.119490740225697,-0.0962680940030754,8.119490740225697,-0.09626809400307579,99.999903731906,8.335699927248747,False,True
113.26653306613225,23.256142170344084,100.0,100.0073346830182,7.334683018202756,8.14035542586021,-0.8056724076574546,8.14035542586021,-0.8056724076574548,99.99919432759235,8.353063366133172,False,True
113.5070140280561,23.264570076260046,100.0,100.00763110831888,7.631108318880623,8.161425190650116,-0.5303168717694933,8.161425190650116,-0.530316871769493,99.99946968312823,8.370426805017596,False,True
113.74749498997996,23.27307931210493,100.0,100.00866110427387,8.661104273867908,8.182698280262324,0.4784059936055836,8.182698280262324,0.478405993605584,100.0004784059936,8.387790243902021,False,True
113.9879759519038,23.28166912911379,100.0,100.00877991152251,8.779911522509925,8.204172822784477,0.5757386997254492,8.204172822784477,0.5757386997254486,100.00057573869972,8.405153682786446,False,True
114.22845691382766,23.29033873192296,100.0,100.00813868421596,8.138684215962671,8.225846829807404,-0.08716261384473241,8.225846829807404,-0.08716261384473256,99.99991283738616,8.422517121670872,False,True
114.4689378757515,23.299087279029994,100.0,100.00844951313465,8.449513134644503,8.247718197574985,0.20179493706951823,8.247718197574985,0.20179493706951845,100.00020179493707,8.439880560555295,False,True
114.70941883767534,23.30791388328029,100.0,100.0083787222623,8.37872226229096,8.269784708200723,0.10893755409023763,8.269784708200723,0.10893755409023775,100.00010893755409,8.45724399943972,False,True
114.9498997995992,23.316817612380135,100.0,100.00936965231391,9.36965231390967,8.292044030950336,1.0776082829593332,8.292044030950336,1.0776082829593339,100.00107760828296,8.474607438324146,False,True
115.19038076152304,23.325797489435807,100.0,100.0087063449426,8.70634494259162,8.314493723589518,0.39185121900210185,8.314493723589518,0.3918512190021026,100.000391851219,8.49197087720857,False,True
115.4308617234469,23.33485249351852,100.0,100.00829236007678,8.292360076778037,8.337131233796304,-0.04477115701826828,8.337131233796304,-0.044771157018267616,99.99995522884298,8.509334316092994,False,True
115.67134268537073,23.343981560254804,100.0,100.00802551474642,8.025514746426861,8.35995390063701,-0.33443915421014897,8.35995390063701,-0.33443915421014836,99.99966556084578,8.526697754977418,False,True
115.91182364729458,23.353183582442,100.0,100.00782070274401,7.8207027440148496,8.382958956105,-0.5622562120901503,8.382958956105,-0.5622562120901504,99.99943774378791,8.544061193861843,False,True
116.15230460921843,23.36245741068856,100.0,100.00847735579927,8.477355799274926,8.406143526721399,0.07121227255352808,8.406143526721399,0.07121227255352736,100.00007121227256,8.561424632746268,False,True
116.39278557114228,23.3718018540787,100.0,100.00816478187434,8.164781874347245,8.429504635196752,-0.26472276084950613,8.429504635196752,-0.26472276084950686,99.99973527723915,8.578788071630694,False,True
116.63326653306613,23.381215680861096,100.0,100.0079552504038,7.955250403793555,8.453039202152741,-0.49778879835918594,8.453039202152741,-0.49778879835918577,99.99950221120164,8.596151510515119,False,True
116.87374749498997,23.390697619161184,100.0,100.00825044353842,8.250443538418075,8.47674404790296,-0.22630050948488428,8.47674404790296,-0.22630050948488467,99.99977369949052,8.613514949399542,False,True
117.11422845691382,23.400246357716664,100.0,100.00812207409302,8.122074093026622,8.500615894291661,-0.3785418012650382,8.500615894291661,-0.37854180126503856,99.99962145819873,8.630878388283968,False,True
117.35470941883767,23.40986054663578,100.0,100.00911515093887,9.115150938864849,8.52465136658945,0.5904995722753976,8.52465136658945,0.5904995722753981,100.00059049957227,8.648241827168391,False,True
117.59519038076152,23.419538798177935,100.0,100.00885742091037,8.857420910377147,8.548846995444839,0.3085739149323077,8.548846995444839,0.30857391493230857,100.00030857391494,8.665605266052816,False,True
117.83567134268537,23.429279687556214,100.0,100.00857040879443,8.570408794429719,8.573199218890535,-0.00279042446081608,8.573199218890535,-0.002790424460815899,99.99999720957554,8.682968704937242,False,True
118.07615230460921,23.439081753761286,100.0,100.00911568483302,9.115684833014724,8.597704384403215,0.517980448611509,8.597704384403215,0.5179804486115085,100.0005179804486,8.700332143821665,False,True
118.31663326653306,23.448943500406312,100.0,100.00864943765869,8.649437658692445,8.62235875101578,0.027078907676666406,8.62235875101578,0.027078907676665764,100.00002707890768,8.71769558270609,False,True
118.55711422845691,23.458863396592257,100.0,100.00834570902101,8.34570902101575,8.647158491480642,-0.3014494704648923,8.647158491480642,-0.3014494704648918,99.99969855052953,8.735059021590516,False,True
118.79759519038076,23.46883987779319,100.0,100.00920519312153,9.205193121527355,8.672099694482975,0.53309342704438,8.672099694482975,0.5330934270443795,100.00053309342704,8.75242246047494,False,True
119.0380761523046,23.478871346761032,100.0,100.0088857968822,8.885796882192212,8.69717836690258,0.18861851528963053,8.69717836690258,0.18861851528963136,100.0001886185153,8.769785899359364,False,True
119.27855711422845,23.488956174449207,100.0,100.0083593542821,8.359354282108757,8.722390436123018,-0.3630361540142597,8.722390436123018,-0.36303615401426015,99.99963696384599,8.787149338243788,False,True
119.5190380761523,23.499092700954687,100.0,100.00868111321506,8.681113215057456,8.747731752386718,-0.06661853732926286,8.747731752386718,-0.06661853732926204,99.99993338146267,8.804512777128213,False,True
119.75951903807615,23.509279236477912,100.0,100.00846673170251,8.466731702510115,8.77319809119478,-0.30646638868466497,8.77319809119478,-0.30646638868466525,99.99969353361132,8.821876216012638,False,True
120.0,23.519514062299937,100.0,100.00831480524991,8.314805249912325,8.798785155749842,-0.4839799058375176,8.798785155749842,-0.4839799058375167,99.99951602009416,8.839239654897064,False,True
